resp_id,wave,bidr_01,bidr_02,bidr_03,bidr_04,bidr_05,bidr_06,bidr_07,bidr_08,bidr_09,bidr_10,bidr_11,bidr_12,bidr_13,bidr_14,bidr_15,bidr_16,bidr_17,bidr_18,bidr_19
w2023_001,2023,3,5,4,5,5,5,7,4,5,6,3,4,7,4,6,2,5,4,4
w2023_002,2023,4,5,3,5,5,7,5,3,4,5,3,1,7,6,3,3,6,3,5
w2023_003,2023,5,2,4,5,3,5,4,4,3,5,5,5,7,6,4,5,5,4,5
w2023_004,2023,5,5,3,4,5,2,3,3,6,5,2,3,7,5,6,5,5,6,4
w2023_005,2023,1,4,4,5,3,6,4,3,2,7,5,4,7,7,4,3,4,6,2
w2023_006,2023,5,6,2,6,6,6,5,2,5,7,3,5,7,7,3,5,6,2,2
w2023_007,2023,6,5,6,4,6,6,6,6,6,4,3,1,7,7,6,5,7,6,4
w2023_008,2023,4,1,7,7,7,7,7,4,7,4,7,1,7,6,4,6,7,7,1
w2023_009,2023,5,6,5,3,6,3,4,6,1,4,6,5,3,3,4,4,5,6,3
w2023_010,2023,6,1,1,1,7,5,7,1,4,4,6,1,2,1,5,4,7,7,1
w2023_011,2023,5,5,3,5,6,5,5,1,5,3,5,4,7,5,5,6,6,6,3
w2023_012,2023,6,6,5,5,6,7,6,2,6,6,2,7,7,7,4,6,6,2,4
w2023_013,2023,4,5,1,5,6,5,2,4,5,5,6,3,7,5,3,2,4,4,3
w2023_014,2023,1,5,1,5,6,6,3,4,3,4,2,3,7,5,4,5,4,5,4
w2023_015,2023,5,6,5,3,4,4,5,5,6,2,6,6,7,7,6,2,5,6,5
w2023_016,2023,5,6,2,6,7,6,5,4,5,6,2,5,7,1,3,5,5,3,5
w2023_017,2023,5,4,5,6,5,7,5,7,2,5,4,5,7,7,5,4,5,6,5
w2023_018,2023,7,4,4,7,3,6,7,1,5,4,1,1,7,3,1,1,5,5,7
w2023_019,2023,4,7,1,2,7,5,3,2,1,7,1,3,3,5,6,4,7,2,1
w2023_020,2023,6,7,3,4,2,6,5,2,2,5,1,6,7,6,6,1,3,2,5
w2023_021,2023,5,7,6,2,7,2,3,4,6,3,3,4,5,2,6,3,5,5,4
w2023_022,2023,4,6,3,3,3,6,2,4,5,4,2,5,7,5,2,3,5,4,2
w2023_023,2023,5,2,2,3,5,3,3,2,7,7,3,3,7,1,4,3,5,5,4
w2023_024,2023,3,3,4,6,3,6,2,5,3,3,4,3,6,3,2,5,5,3,3
w2023_025,2023,6,5,2,5,7,5,3,7,5,7,2,5,6,4,4,2,5,6,4
w2023_026,2023,5,2,5,6,4,6,4,4,4,3,4,4,7,5,4,3,5,3,2
w2023_027,2023,3,6,2,6,3,7,2,4,5,5,3,7,7,5,3,3,2,1,5
w2023_028,2023,3,5,2,6,3,5,4,5,4,5,1,5,3,5,3,4,2,3,5
w2023_029,2023,6,5,2,7,2,6,4,2,2,5,3,5,5,7,3,2,5,2,5
w2023_030,2023,4,5,2,4,5,5,3,6,4,4,3,3,4,5,3,3,3,5,5
w2023_031,2023,6,6,7,5,4,5,5,5,5,5,4,5,7,3,3,5,5,2,5
w2023_032,2023,4,5,3,5,3,4,5,7,4,5,2,5,5,6,4,3,4,3,5
w2023_033,2023,4,6,5,7,3,5,5,3,3,5,3,3,7,3,5,2,5,6,3
w2023_034,2023,3,5,1,3,6,7,6,4,2,5,1,7,7,1,1,1,4,1,3
w2023_035,2023,4,3,6,2,7,2,7,2,7,4,2,1,5,5,7,3,7,4,1
w2023_036,2023,3,7,5,6,3,4,4,6,3,7,1,5,6,2,2,4,3,2,4
w2023_037,2023,5,3,6,7,5,6,2,4,4,2,3,1,7,7,6,1,6,7,2
w2023_038,2023,5,6,4,3,3,6,4,2,5,4,6,5,7,4,3,4,5,5,5
w2023_039,2023,4,5,1,5,5,3,5,4,5,5,3,5,7,5,3,4,5,2,2
w2023_040,2023,5,7,2,5,3,7,1,6,1,7,1,7,1,4,1,2,4,2,5
w2023_041,2023,6,6,2,6,6,5,2,5,6,3,7,5,7,6,7,4,3,3,5
w2023_042,2023,4,6,4,7,5,6,6,5,2,6,1,6,7,7,4,5,4,3,4
w2023_043,2023,3,2,4,6,6,1,5,3,4,6,4,6,7,3,7,2,5,3,2
w2023_044,2023,5,6,4,6,5,3,2,6,3,6,5,2,1,7,3,5,5,6,2
w2023_045,2023,2,3,3,3,4,4,3,1,3,3,5,2,5,2,4,3,5,2,3
w2023_046,2023,2,2,3,4,5,3,4,2,4,3,3,5,4,5,4,3,5,6,4
w2023_047,2023,4,6,5,6,5,5,4,3,4,3,3,4,7,5,4,3,4,5,5
w2023_048,2023,6,6,3,2,6,7,3,2,4,6,2,4,6,5,4,2,5,3,4
w2023_049,2023,6,4,3,3,4,5,5,1,6,2,6,2,3,1,5,5,7,7,1
w2023_050,2023,4,6,4,5,4,7,4,4,3,7,4,7,6,4,5,4,5,5,5
w2023_051,2023,5,3,1,7,5,7,6,4,5,5,1,4,7,3,5,2,6,3,5
w2023_052,2023,7,7,1,6,5,4,6,1,6,5,3,5,7,3,4,2,6,3,5
w2023_053,2023,5,4,6,7,6,5,5,7,4,7,6,7,7,7,3,3,4,6,1
w2023_054,2023,4,5,4,5,6,7,6,2,4,6,6,6,6,7,6,3,6,4,5
w2023_055,2023,6,3,6,2,7,6,6,6,2,7,2,6,4,1,3,4,6,7,7
w2023_056,2023,6,4,4,5,3,5,2,3,4,4,4,4,7,6,4,4,4,3,4
w2023_057,2023,5,6,6,2,6,5,6,2,7,2,6,2,7,7,5,1,5,6,1
w2023_058,2023,6,2,2,2,3,4,5,5,3,6,5,1,7,2,6,2,6,4,2
w2023_059,2023,4,6,2,2,7,7,5,6,4,6,4,5,7,5,2,2,4,7,5
w2023_060,2023,6,4,2,4,6,7,5,4,7,6,7,1,7,2,3,5,7,2,1
w2023_061,2023,5,5,3,4,5,6,3,7,5,6,2,5,6,3,2,3,5,5,5
w2023_062,2023,5,6,2,6,6,6,3,1,5,2,3,2,7,4,6,5,4,1,5
w2023_063,2023,6,5,6,5,7,5,5,6,6,7,5,1,7,7,6,1,6,7,1
w2023_064,2023,4,6,4,2,2,6,4,4,6,7,3,5,7,4,6,6,5,2,2
w2023_065,2023,7,4,5,5,6,6,6,1,7,1,4,6,7,5,6,4,5,6,6
w2023_066,2023,4,5,3,6,3,6,5,2,5,5,2,3,6,3,5,2,4,4,6
w2023_067,2023,4,6,3,3,5,3,2,4,3,3,5,2,7,6,6,3,3,6,3
w2023_068,2023,5,5,2,6,2,7,3,4,1,5,2,6,1,3,1,3,6,6,4
w2023_069,2023,6,4,3,2,6,7,6,5,2,6,2,6,7,4,2,4,5,5,6
w2023_070,2023,3,5,4,7,3,5,4,4,4,6,2,7,6,6,4,4,4,3,5
w2023_071,2023,4,6,1,2,3,7,4,4,4,6,1,3,7,1,1,3,5,1,3
w2023_072,2023,4,3,3,1,6,5,4,2,4,4,4,3,4,3,6,1,5,7,3
w2023_073,2023,3,4,4,5,4,6,5,6,4,4,3,5,4,5,3,4,4,4,5
w2023_074,2023,2,6,3,5,3,6,5,3,1,6,3,6,6,5,2,3,2,3,6
w2023_075,2023,4,3,3,5,3,5,5,3,2,2,2,4,7,6,4,5,5,4,5
w2023_076,2023,3,4,6,6,5,6,3,7,3,7,3,5,7,5,3,2,3,3,6
w2023_077,2023,5,3,1,7,5,5,6,7,4,5,4,5,7,4,4,4,4,3,4
w2023_078,2023,5,5,6,4,4,3,4,3,4,3,4,6,6,6,5,4,5,6,4
w2023_079,2023,5,7,1,5,6,4,4,3,3,7,2,4,6,3,6,6,5,2,2
w2023_080,2023,5,6,2,2,7,5,3,2,1,7,6,1,7,2,6,3,6,4,2
w2023_081,2023,1,3,1,5,5,6,3,3,5,5,3,4,7,2,5,3,5,4,3
w2023_082,2023,5,4,1,7,3,4,1,7,5,7,6,5,7,2,5,2,6,2,4
w2023_083,2023,2,5,2,2,4,7,1,4,7,7,1,6,7,4,4,4,4,1,6
w2023_084,2023,4,6,4,1,5,5,3,7,3,4,3,3,6,1,4,2,5,3,3
w2023_085,2023,3,6,2,6,5,6,3,6,5,5,2,6,6,6,3,4,5,3,5
w2023_086,2023,5,6,4,5,2,6,6,3,1,7,3,5,7,6,5,3,5,7,4
w2023_087,2023,2,6,6,6,2,6,6,6,2,6,2,2,2,7,1,1,2,6,5
w2023_088,2023,4,3,5,3,6,5,3,2,5,2,5,2,6,5,2,3,5,6,2
w2023_089,2023,3,6,1,5,5,6,2,1,2,5,2,5,7,4,3,2,4,4,5
w2023_090,2023,5,6,3,3,3,5,4,3,4,6,4,4,7,3,4,5,4,5,4
w2023_091,2023,4,5,4,7,5,7,5,3,5,6,6,6,5,6,1,2,5,6,5
w2023_092,2023,5,7,1,4,4,7,5,6,3,5,3,4,7,5,4,3,5,4,4
w2023_093,2023,6,6,5,6,5,5,2,4,2,4,1,5,7,7,4,5,3,7,5
w2023_094,2023,2,7,1,7,4,7,3,4,3,7,1,5,7,4,4,5,3,2,4
w2023_095,2023,4,4,4,4,4,4,4,4,4,4,4,4,4,4,4,4,4,4,4
w2023_096,2023,6,6,3,3,6,7,6,1,3,6,3,2,7,2,6,2,6,3,6
w2023_097,2023,6,6,4,7,5,7,6,2,2,5,3,5,5,4,5,4,4,2,5
w2023_098,2023,5,6,2,7,2,7,3,3,3,7,1,7,6,6,5,5,2,3,7
w2023_099,2023,5,6,4,4,5,7,4,5,6,5,6,5,7,3,5,3,6,6,3
w2023_100,2023,4,6,1,7,1,7,5,1,1,7,1,3,5,7,1,5,3,2,7
w2023_101,2023,3,5,6,3,3,2,3,7,6,2,5,7,7,7,6,2,5,2,7
w2023_102,2023,2,7,6,6,7,7,5,3,5,7,7,6,7,3,6,2,5,6,6
w2023_103,2023,5,6,7,6,6,3,6,3,7,6,5,5,7,6,7,3,7,3,4
w2023_104,2023,4,6,7,4,6,7,5,2,4,6,7,5,7,2,4,5,6,1,2
w2023_105,2023,3,6,3,7,3,7,4,2,7,6,1,5,1,7,3,5,5,5,6
w2023_106,2023,5,5,2,5,3,6,2,3,4,5,2,5,6,4,3,3,4,5,4
w2023_107,2023,5,4,7,4,6,7,5,4,3,4,5,6,7,1,5,1,4,5,5
w2023_108,2023,5,2,4,6,5,7,5,4,7,5,3,5,7,1,3,2,5,2,5
w2023_109,2023,4,5,1,2,5,5,6,2,2,3,3,5,6,4,6,3,3,3,3
w2023_110,2023,5,4,2,4,4,4,4,5,4,4,4,6,5,2,4,3,5,3,3
w2023_111,2023,3,4,6,3,7,7,4,7,5,6,2,7,7,4,4,2,6,4,2
w2023_112,2023,4,5,6,2,6,3,5,5,5,3,6,2,7,5,6,2,6,6,1
w2023_113,2023,4,3,3,5,6,3,2,2,2,3,4,5,5,4,2,2,5,3,4
w2023_114,2023,3,6,3,5,4,6,3,5,3,6,2,2,7,2,5,5,5,6,5
w2023_115,2023,5,6,5,5,6,6,5,4,5,3,3,1,7,5,5,5,6,3,2
w2023_116,2023,4,5,2,6,7,7,6,6,4,6,4,7,7,6,4,4,6,6,6
w2023_117,2023,7,6,1,7,5,7,3,1,3,7,1,1,7,1,1,7,3,3,2
w2023_118,2023,5,6,2,6,4,7,5,7,7,6,4,4,7,6,4,6,6,2,6
w2023_119,2023,2,3,2,6,2,5,3,3,3,6,3,5,7,6,3,3,4,3,5
w2023_120,2023,5,5,5,6,5,7,5,4,4,6,4,4,7,6,2,6,5,2,3
w2023_121,2023,1,6,2,7,1,6,2,2,1,4,1,6,7,3,2,1,5,4,7
w2023_122,2023,5,4,2,4,1,6,2,4,4,7,1,4,7,5,1,3,4,6,7
w2023_123,2023,6,5,4,4,6,2,2,3,5,3,3,3,7,7,2,3,6,3,5
w2023_124,2023,4,5,5,6,2,4,2,6,2,7,1,5,7,5,3,3,3,2,7
w2023_125,2023,4,6,2,3,6,7,3,5,6,7,3,5,7,1,1,5,4,3,3
w2023_126,2023,2,5,4,4,6,3,5,2,4,4,4,4,7,5,4,4,6,6,4
w2023_127,2023,3,5,3,3,6,4,2,3,4,2,5,6,7,1,6,4,4,2,5
w2023_128,2023,6,2,3,3,7,6,4,1,4,5,2,2,4,1,4,4,7,2,4
w2023_129,2023,4,7,4,6,4,6,5,5,2,5,3,4,7,5,6,2,6,4,7
w2023_130,2023,4,6,1,5,4,7,5,4,4,4,4,5,7,6,4,4,4,2,3
w2023_131,2023,4,1,4,1,6,7,4,3,4,3,4,2,7,7,3,3,3,6,5
w2023_132,2023,4,6,6,5,6,5,3,2,6,2,3,6,7,2,3,1,5,3,5
w2023_133,2023,6,7,5,6,6,3,2,7,4,6,4,6,7,5,6,2,5,3,3
w2023_134,2023,5,6,4,5,3,5,5,4,5,6,2,5,7,6,5,2,7,3,7
w2023_135,2023,5,3,2,2,6,4,4,5,3,2,2,2,7,2,3,3,5,4,2
w2023_136,2023,6,6,4,5,4,6,4,4,1,5,2,6,7,2,2,3,5,1,2
w2023_137,2023,3,5,3,7,3,6,2,4,3,7,2,6,7,4,1,2,4,5,4
w2023_138,2023,4,4,3,3,5,5,4,4,4,6,3,4,6,4,2,5,4,3,4
w2023_139,2023,4,2,4,4,7,6,7,7,7,5,4,4,7,6,6,6,6,6,6
w2023_140,2023,7,3,5,7,7,5,3,1,4,6,7,3,7,2,5,2,7,7,2
w2023_141,2023,4,3,4,6,5,5,4,3,3,4,2,4,7,2,4,2,4,4,4
w2023_142,2023,3,5,7,5,3,5,4,4,2,5,5,4,5,3,5,3,2,2,5
w2023_143,2023,5,6,3,7,5,6,2,3,1,6,2,5,6,5,4,4,5,3,6
w2023_144,2023,2,4,4,5,3,5,4,2,2,5,3,5,6,5,4,4,4,4,4
w2023_145,2023,4,5,2,6,4,7,1,5,6,2,6,6,7,7,2,4,3,3,2
w2023_146,2023,5,6,3,5,4,5,5,2,5,5,4,5,7,5,3,5,4,2,5
w2023_147,2023,3,3,6,5,3,4,3,2,1,4,4,2,7,1,5,2,4,5,3
w2023_148,2023,6,4,5,6,7,6,4,1,7,4,4,3,7,5,5,3,4,6,4
w2023_149,2023,5,3,6,2,6,2,3,5,1,5,2,5,7,5,7,3,5,4,2
w2023_150,2023,7,7,7,7,7,7,7,7,7,7,7,7,7,7,7,7,7,7,7
w2023_151,2023,7,4,4,2,6,7,5,1,5,7,4,7,6,5,4,7,6,3,5
w2023_152,2023,1,4,1,1,7,7,5,7,4,4,1,7,7,4,1,2,6,1,5
w2023_153,2023,4,1,3,3,6,1,6,4,4,1,1,5,6,1,4,1,2,1,1
w2023_154,2023,4,7,5,5,6,5,3,2,4,4,3,5,3,7,4,1,6,5,6
w2023_155,2023,1,4,1,5,5,5,6,1,1,1,4,6,3,5,4,2,3,6,4
w2023_156,2023,4,4,6,4,4,5,3,5,6,6,3,7,7,3,5,4,3,1,4
w2023_157,2023,4,6,3,7,4,7,4,4,5,7,1,5,4,7,1,2,3,2,3
w2023_158,2023,4,5,6,7,3,5,4,3,3,6,4,6,7,7,4,3,5,5,5
w2023_159,2023,4,2,3,5,6,3,4,3,5,2,5,5,4,6,4,3,4,6,2
w2023_160,2023,6,7,2,7,2,7,7,2,4,7,2,2,6,7,2,7,6,2,5
w2023_161,2023,5,7,3,2,7,7,2,1,2,7,2,3,7,5,4,3,6,4,6
w2023_162,2023,6,5,3,6,6,6,6,2,5,4,5,4,7,3,5,4,6,5,7
w2023_163,2023,6,4,4,5,6,7,4,2,3,5,2,3,7,7,4,2,4,6,5
w2023_164,2023,5,7,1,6,4,5,5,1,1,6,4,5,5,7,4,3,4,3,5
w2023_165,2023,4,4,1,4,2,6,4,6,3,7,3,5,7,4,2,5,4,2,5
w2023_166,2023,6,6,5,7,6,7,5,1,5,5,7,7,7,7,7,7,5,1,5
w2023_167,2023,5,3,5,6,3,6,3,6,3,4,2,6,4,6,3,2,5,2,5
w2023_168,2023,5,6,5,4,3,3,4,3,2,7,3,5,7,6,5,4,6,5,5
w2023_169,2023,5,6,5,5,4,5,3,4,4,4,4,5,6,4,4,3,5,5,4
w2023_170,2023,6,5,3,4,6,6,4,3,5,7,3,6,7,6,4,3,4,4,5
w2023_171,2023,5,2,4,3,5,6,5,6,6,5,2,1,6,6,5,3,7,3,4
w2023_172,2023,7,7,5,7,6,6,6,6,2,7,2,6,7,6,2,2,5,5,7
w2023_173,2023,6,4,3,7,4,5,5,5,3,6,5,6,7,2,2,3,5,6,6
w2023_174,2023,5,5,7,5,5,6,5,5,7,5,3,1,7,1,7,7,6,7,4
w2023_175,2023,5,6,2,5,2,6,2,2,1,6,2,4,3,1,4,2,2,1,3
w2023_176,2023,3,5,2,5,3,6,3,4,3,5,5,4,5,4,5,3,2,2,5
w2023_177,2023,5,5,3,5,6,4,3,2,4,3,5,4,7,3,5,2,6,5,2
w2023_178,2023,3,3,4,6,3,5,1,4,3,4,3,6,7,5,4,3,5,4,3
w2023_179,2023,4,4,2,6,5,6,6,5,5,6,4,4,7,4,4,4,5,5,4
w2023_180,2023,5,3,3,5,6,6,3,6,5,2,1,6,7,3,3,5,1,3,3
w2023_181,2023,4,3,5,2,5,5,4,5,4,2,3,2,6,4,4,2,4,5,5
w2023_182,2023,3,7,3,6,5,6,4,7,2,6,6,5,7,6,5,1,5,1,5
w2023_183,2023,5,7,1,2,6,3,5,2,5,5,3,3,7,2,4,3,4,2,3
w2023_184,2023,4,6,3,6,5,5,5,3,2,4,4,5,6,1,1,4,5,4,4
w2023_185,2023,5,5,7,6,3,5,2,6,3,5,2,5,6,7,4,3,5,3,4
w2023_186,2023,5,7,3,7,3,4,2,7,4,7,7,7,7,7,2,2,4,4,6
w2023_187,2023,4,5,2,7,6,7,5,7,2,5,1,6,6,5,5,4,4,5,7
w2023_188,2023,5,4,5,7,4,7,6,1,3,5,6,6,4,5,1,2,4,6,4
w2023_189,2023,6,7,6,1,6,6,7,1,6,2,7,2,6,7,4,2,6,6,2
w2023_190,2023,6,7,3,7,6,7,7,5,6,7,2,7,7,6,2,5,5,2,7
w2023_191,2023,5,6,7,3,2,3,3,4,3,2,3,5,7,6,5,5,5,6,4
w2023_192,2023,5,1,3,5,4,5,6,1,6,6,2,1,3,5,5,3,6,5,4
w2023_193,2023,5,6,2,5,6,5,2,6,2,6,2,5,7,5,2,3,3,3,3
w2023_194,2023,4,6,4,2,6,4,4,7,6,4,6,2,7,6,4,2,5,5,6
w2023_195,2023,4,5,2,4,3,7,3,3,5,7,2,5,7,4,2,3,2,3,6
w2023_196,2023,6,4,3,4,5,5,4,6,6,7,3,6,7,5,4,3,5,6,5
w2023_197,2023,4,2,3,2,7,2,5,7,7,7,2,2,7,3,7,3,5,5,2
w2023_198,2023,5,5,1,4,4,6,4,3,4,5,3,7,7,5,3,3,5,3,5
w2023_199,2023,5,5,4,5,6,3,3,6,4,5,2,2,3,4,3,3,6,6,4
w2023_200,2023,5,3,5,6,3,2,6,3,5,7,3,5,5,2,4,1,6,7,3
w2023_201,2023,4,4,4,4,4,7,7,1,7,1,5,7,7,1,4,4,4,2,4
w2023_202,2023,5,5,2,3,7,7,6,6,1,7,3,6,4,6,2,3,5,7,1
w2023_203,2023,7,6,1,5,3,7,6,5,4,6,3,5,7,3,2,1,6,1,3
w2023_204,2023,4,2,5,5,6,4,4,3,5,2,2,4,6,6,3,2,3,6,4
w2023_205,2023,5,3,4,1,6,3,3,6,6,2,6,1,7,1,6,2,6,6,2
w2023_206,2023,3,3,4,1,5,5,2,5,6,2,4,2,3,4,3,2,5,6,2
w2023_207,2023,3,5,1,6,2,6,2,1,2,6,2,5,7,4,6,2,6,1,4
w2023_208,2023,4,6,2,5,4,6,4,2,3,6,2,7,7,5,3,2,5,4,4
w2023_209,2023,5,4,5,5,6,4,2,3,5,3,5,5,7,5,6,3,5,3,5
w2023_210,2023,5,3,6,6,6,4,4,3,3,3,1,2,7,6,1,3,4,1,7
w2023_211,2023,7,4,3,4,4,5,7,3,6,5,4,3,6,4,6,2,7,6,1
w2023_212,2023,4,6,2,6,4,5,3,5,2,6,4,5,7,6,4,3,5,6,5
w2023_213,2023,3,5,3,5,4,6,6,7,7,7,1,7,7,3,5,2,3,3,4
w2023_214,2023,5,6,5,5,5,4,3,2,7,4,2,5,7,5,5,3,5,2,3
w2023_215,2023,4,6,2,6,4,5,1,3,6,4,2,2,7,7,5,1,6,4,4
w2023_216,2023,5,4,2,4,6,3,6,6,7,5,6,2,5,2,5,3,6,2,3
w2023_217,2023,4,2,4,4,6,4,4,4,6,3,6,2,7,1,6,4,5,1,2
w2023_218,2023,4,3,4,2,6,6,5,2,5,2,2,1,7,1,5,6,4,4,2
w2023_219,2023,6,5,2,2,7,7,5,3,6,4,6,2,5,5,4,2,5,2,5
w2023_220,2023,7,7,3,6,6,7,5,2,4,5,3,3,7,2,2,6,5,1,1
w2023_221,2023,6,4,5,1,7,3,3,7,7,5,1,1,7,2,4,2,6,5,5
w2023_222,2023,4,4,4,5,7,5,7,6,4,5,1,4,6,6,5,4,5,4,3
w2023_223,2023,6,6,6,7,5,2,2,4,1,3,1,3,3,6,3,3,5,6,5
w2023_224,2023,4,3,1,5,3,6,3,4,6,6,2,7,7,3,4,4,4,3,6
w2023_225,2023,6,4,5,6,4,6,3,4,2,5,1,5,7,5,3,3,4,2,5
w2023_226,2023,4,5,2,5,4,5,2,4,4,6,3,4,7,7,4,3,5,3,4
w2023_227,2023,7,3,4,3,7,5,6,1,4,3,4,4,7,6,6,3,5,6,1
w2023_228,2023,3,5,2,4,3,5,3,3,5,4,4,5,6,3,6,3,5,2,6
w2023_229,2023,6,5,7,5,3,5,2,3,1,6,5,2,5,6,4,3,5,5,5
w2023_230,2023,3,6,5,4,4,5,2,4,2,6,3,4,5,5,5,3,5,5,4
w2023_231,2023,5,3,4,4,1,7,1,1,5,4,7,1,7,2,1,5,5,1,2
w2023_232,2023,4,3,2,7,5,2,3,6,2,2,2,2,7,1,2,4,6,1,2
w2023_233,2023,5,6,3,4,6,6,4,1,2,4,3,6,7,2,5,2,5,6,4
w2023_234,2023,7,6,6,1,7,7,4,2,5,3,5,1,7,7,5,1,7,7,2
w2023_235,2023,4,4,2,5,5,4,4,5,4,5,2,5,7,4,3,4,4,2,6
w2023_236,2023,2,7,1,4,3,7,2,5,3,5,3,2,7,1,1,2,5,2,5
w2023_237,2023,2,6,3,5,5,6,3,5,4,5,5,4,6,3,3,3,5,5,2
w2023_238,2023,5,5,3,6,4,6,4,1,7,5,2,5,7,4,2,6,6,7,6
w2023_239,2023,2,2,2,3,5,7,1,5,5,6,4,2,7,6,1,2,4,6,4
w2023_240,2023,5,4,5,4,6,6,5,2,6,6,5,5,5,5,6,4,6,6,3
w2023_241,2023,7,7,7,6,7,7,4,1,2,4,7,3,7,1,3,6,7,7,4
w2023_242,2023,5,7,5,7,7,6,7,6,4,7,1,2,7,6,4,1,7,7,2
w2023_243,2023,4,7,1,7,6,7,2,3,2,7,1,7,3,5,4,1,4,1,2
w2023_244,2023,5,7,5,5,5,5,5,5,5,5,5,5,5,5,5,5,5,5,5
w2023_245,2023,5,6,2,7,3,7,2,7,6,7,2,6,7,7,2,2,6,4,6
w2023_246,2023,2,7,3,4,6,7,2,2,1,7,2,4,1,4,4,2,4,6,2
w2023_247,2023,4,4,4,5,4,5,4,4,3,5,4,5,5,5,3,4,4,5,5
w2024_001,2024,6,4,3,2,6,6,5,4,4,3,5,3,7,2,6,4,6,4,3
w2024_002,2024,4,3,2,5,3,3,4,4,5,5,3,3,5,5,4,3,5,4,4
w2024_003,2024,4,7,4,6,6,6,4,6,5,6,4,7,5,7,7,2,4,1,5
w2024_004,2024,6,4,7,6,7,6,5,1,7,3,6,1,7,6,4,2,7,6,3
w2024_005,2024,5,6,4,7,6,7,6,1,7,2,5,4,7,5,2,3,7,7,2
w2024_006,2024,6,5,3,2,5,4,7,4,5,5,3,6,7,2,4,3,5,5,3
w2024_007,2024,6,3,4,5,3,5,6,1,5,5,4,1,5,7,6,3,6,3,5
w2024_008,2024,4,3,4,7,4,7,2,3,3,5,2,6,7,4,1,2,5,1,3
w2024_009,2024,4,6,5,4,4,7,3,1,2,7,3,5,7,4,2,2,5,7,7
w2024_010,2024,3,3,6,5,5,5,3,5,3,3,3,5,7,3,6,2,5,5,4
w2024_011,2024,5,7,2,7,6,7,5,1,2,7,1,7,7,5,6,6,6,6,2
w2024_012,2024,5,4,2,3,7,7,6,2,2,6,1,1,7,7,3,2,4,1,1
w2024_013,2024,4,5,2,6,7,6,7,6,5,5,4,3,7,4,4,3,5,7,4
w2024_014,2024,4,6,2,5,3,5,4,5,3,4,3,3,7,5,3,3,4,3,5
w2024_015,2024,3,6,1,6,5,7,3,2,5,5,6,6,7,1,3,4,5,1,6
w2024_016,2024,5,6,4,7,3,7,3,2,1,6,1,1,7,5,2,5,2,4,5
w2024_017,2024,6,7,7,5,1,3,7,4,1,3,4,5,5,5,4,4,5,6,7
w2024_018,2024,4,4,5,5,4,6,5,2,4,3,5,2,7,1,5,2,6,3,6
w2024_019,2024,6,6,2,5,5,5,5,4,5,6,2,6,5,6,2,6,3,3,4
w2024_020,2024,4,2,2,4,3,5,4,7,6,4,4,2,7,1,4,2,6,3,4
w2024_021,2024,5,7,1,5,2,7,7,5,5,5,2,5,7,5,2,5,5,2,5
w2024_022,2024,5,5,1,3,4,7,3,5,3,2,2,6,5,6,4,4,3,2,5
w2024_023,2024,7,7,4,5,6,7,6,7,7,6,7,7,7,6,4,5,6,4,4
w2024_024,2024,3,6,1,2,4,5,2,1,2,5,1,4,6,2,3,2,3,3,2
w2024_025,2024,4,6,1,4,5,7,4,4,2,7,1,6,7,4,2,4,2,3,5
w2024_026,2024,3,5,1,7,6,6,4,5,2,6,2,6,5,5,4,6,3,1,5
w2024_027,2024,3,3,2,7,4,6,3,3,3,6,2,3,7,4,5,2,5,2,5
w2024_028,2024,5,3,3,2,6,3,4,5,6,4,5,6,6,3,5,2,4,5,2
w2024_029,2024,7,5,4,5,4,6,3,2,4,7,5,5,7,2,4,3,6,6,6
w2024_030,2024,4,5,3,5,4,5,2,6,3,6,2,5,5,4,4,5,3,4,4
w2024_031,2024,2,6,2,4,2,6,1,5,2,6,4,6,1,7,4,6,1,4,5
w2024_032,2024,4,3,5,2,5,6,6,6,5,5,5,2,6,3,5,2,6,5,3
w2024_033,2024,1,7,7,7,1,7,2,2,1,7,1,7,4,1,1,1,1,1,7
w2024_034,2024,6,7,1,5,6,7,6,4,4,7,4,5,7,7,7,5,6,1,5
w2024_035,2024,5,3,2,4,5,5,3,4,4,4,3,2,4,2,5,3,4,3,4
w2024_036,2024,4,5,4,5,3,6,4,1,6,2,5,3,6,5,5,2,3,2,4
w2024_037,2024,5,1,3,3,2,4,6,2,6,6,1,5,7,2,5,5,6,3,1
w2024_038,2024,4,6,2,7,4,6,4,4,3,5,4,3,6,6,4,5,4,5,5
w2024_039,2024,4,2,7,4,4,7,6,1,4,4,3,2,7,3,5,3,5,6,3
w2024_040,2024,4,4,4,4,4,7,5,2,4,4,3,3,7,2,4,3,4,6,3
w2024_041,2024,5,5,3,4,6,5,5,4,5,6,4,3,7,5,4,3,6,4,2
w2024_042,2024,4,4,2,2,6,4,5,6,4,4,4,4,7,2,6,2,6,4,2
w2024_043,2024,5,3,2,2,7,6,1,2,4,5,4,3,7,3,3,3,4,6,3
w2024_044,2024,4,3,2,6,1,3,2,4,5,7,5,5,7,5,4,1,7,4,2
w2024_045,2024,4,5,1,5,4,5,2,2,3,6,3,5,7,4,3,4,3,3,4
w2024_046,2024,5,4,2,4,2,5,2,4,4,6,2,2,7,7,3,2,4,5,3
w2024_047,2024,5,6,4,4,3,5,4,2,4,5,2,4,7,4,4,3,5,5,5
w2024_048,2024,4,6,3,6,4,7,2,2,2,3,3,4,5,2,6,2,5,4,3
w2024_049,2024,6,7,3,7,5,3,3,2,7,4,7,6,5,7,3,4,7,7,5
w2024_050,2024,6,6,1,4,4,7,3,1,1,5,2,2,7,7,4,6,4,3,4
w2024_051,2024,4,4,5,4,5,4,2,2,6,4,3,5,6,3,4,3,4,3,2
w2024_052,2024,6,4,6,3,6,6,6,2,3,5,4,5,6,6,4,2,5,5,3
w2024_053,2024,4,6,2,6,4,7,1,4,5,6,3,4,6,2,4,2,4,2,2
w2024_054,2024,5,5,5,7,6,7,5,7,7,7,5,5,7,1,7,1,7,7,5
w2024_055,2024,6,4,2,3,7,5,5,7,4,6,2,5,7,1,3,2,5,5,5
w2024_056,2024,4,5,4,4,4,7,4,1,3,6,4,7,2,7,4,3,4,7,6
w2024_057,2024,5,4,2,5,5,5,4,4,4,5,2,3,5,7,2,3,5,3,3
w2024_058,2024,4,7,4,7,7,7,7,2,4,4,1,7,5,6,1,4,6,5,2
w2024_059,2024,4,7,5,3,3,5,2,1,4,2,6,2,6,6,2,4,5,4,7
w2024_060,2024,4,7,2,7,2,7,4,6,3,7,1,7,3,7,2,4,4,2,7
w2024_061,2024,4,3,1,7,6,7,2,7,1,7,1,5,7,7,2,6,3,2,7
w2024_062,2024,2,2,3,5,3,6,2,2,2,6,2,6,6,4,2,2,2,4,4
w2024_063,2024,2,4,3,3,2,3,4,5,6,4,1,4,6,4,4,5,5,4,5
w2024_064,2024,5,5,4,3,6,5,5,1,4,4,6,6,7,5,6,4,6,3,5
w2024_065,2024,2,5,7,6,5,5,7,2,5,4,3,6,7,4,5,4,7,7,2
w2024_066,2024,3,7,7,7,7,7,4,3,1,7,1,7,6,7,2,5,1,1,7
w2024_067,2024,6,6,2,4,5,3,6,1,5,5,1,6,1,6,6,3,6,2,3
w2024_068,2024,1,4,1,4,7,4,1,6,4,4,1,1,7,4,4,1,5,6,2
w2024_069,2024,5,6,5,5,3,4,6,2,7,6,3,4,7,3,4,2,6,6,5
w2024_070,2024,3,5,5,4,3,5,5,6,4,6,2,5,5,5,6,3,5,4,4
w2024_071,2024,5,6,5,6,5,5,3,2,5,4,4,4,2,7,4,2,6,4,3
w2024_072,2024,4,5,3,6,5,7,7,1,5,3,2,6,7,7,4,6,5,3,2
w2024_073,2024,5,6,4,6,7,5,3,4,7,7,3,3,7,6,4,4,6,3,2
w2024_074,2024,4,7,3,6,4,6,3,2,4,3,3,5,6,2,5,1,4,2,5
w2024_075,2024,5,5,3,4,5,5,2,1,4,4,5,5,7,5,2,4,5,1,3
w2024_076,2024,4,5,3,7,5,6,4,4,3,7,2,5,7,5,3,3,4,7,5
w2024_077,2024,3,4,4,4,3,5,5,1,3,4,3,4,5,2,5,3,5,6,5
w2024_078,2024,6,5,3,2,4,5,1,1,4,3,1,7,2,7,6,1,6,6,5
w2024_079,2024,5,5,5,6,3,4,6,4,3,7,2,6,6,5,5,5,6,6,4
w2024_080,2024,5,7,3,3,7,6,5,6,5,7,5,2,7,2,5,5,6,3,2
w2024_081,2024,5,5,4,5,5,7,5,6,6,4,5,4,7,4,3,4,5,5,3
w2024_082,2024,2,5,2,6,2,6,4,2,1,6,1,4,7,7,4,4,4,3,5
w2024_083,2024,7,5,7,7,4,7,4,4,3,7,2,5,7,1,4,1,7,4,7
w2024_084,2024,4,4,3,4,5,4,3,6,4,4,3,5,7,4,5,4,5,3,4
w2024_085,2024,4,6,5,3,4,7,6,2,4,5,5,3,7,2,4,4,5,4,5
w2024_086,2024,3,7,6,7,6,7,5,6,1,7,1,7,7,4,3,5,4,3,7
w2024_087,2024,4,5,3,5,5,7,5,2,4,5,4,5,5,3,4,2,5,5,3
w2024_088,2024,5,6,2,6,3,6,5,3,2,7,1,7,5,2,4,3,3,3,6
w2024_089,2024,6,6,5,6,5,6,4,6,1,7,3,4,7,5,5,2,2,1,7
w2024_090,2024,4,4,3,3,5,4,3,3,3,6,4,4,6,4,4,5,5,3,5
w2024_091,2024,4,3,4,5,5,5,4,3,4,4,6,4,5,3,3,4,5,5,5
w2024_092,2024,4,7,2,6,4,6,4,1,4,2,2,6,7,4,4,5,4,4,4
w2024_093,2024,6,5,2,5,5,7,4,7,5,6,3,5,7,3,6,3,5,3,5
w2024_094,2024,4,6,2,2,6,6,2,3,6,3,6,5,7,1,2,6,6,3,2
w2024_095,2024,5,5,3,6,3,5,5,3,1,5,3,6,6,6,4,5,5,5,5
w2024_096,2024,5,6,1,4,6,7,4,1,4,4,1,4,6,4,4,1,4,3,4
w2024_097,2024,5,5,2,6,3,5,4,4,2,6,2,5,5,5,5,4,5,3,5
w2024_098,2024,6,7,5,5,6,5,1,3,6,1,6,1,7,1,2,3,6,7,3
w2024_099,2024,4,7,1,3,5,6,3,4,6,3,5,2,5,7,3,3,5,1,7
w2024_100,2024,2,7,1,5,1,6,3,7,1,7,1,7,6,7,1,1,5,3,7
w2024_101,2024,7,7,6,5,5,3,4,2,4,5,2,2,7,1,4,2,6,7,3
w2024_102,2024,6,4,4,6,4,6,5,6,4,6,4,2,7,5,3,4,5,4,5
w2024_103,2024,6,5,2,4,5,2,5,4,6,3,5,4,5,1,7,3,6,7,2
w2024_104,2024,4,4,5,4,4,3,5,6,6,5,4,3,6,6,5,3,5,6,2
w2024_105,2024,5,5,3,4,6,5,5,4,4,6,3,5,6,4,5,3,4,6,3
w2024_106,2024,4,6,2,2,2,7,4,4,4,3,2,4,7,4,1,5,5,4,6
w2024_107,2024,6,5,3,6,2,2,5,4,2,5,3,2,4,5,7,2,6,6,3
w2024_108,2024,5,5,3,5,4,6,3,2,4,4,4,4,4,4,4,4,4,4,4
w2024_109,2024,5,2,3,5,7,5,3,3,5,2,7,3,7,2,4,1,6,7,2
w2024_110,2024,6,5,6,5,4,5,5,7,6,7,6,7,7,5,4,5,6,6,5
w2024_111,2024,4,5,7,2,4,6,4,6,5,5,5,2,6,7,1,2,5,2,3
w2024_112,2024,4,6,2,7,2,6,6,4,5,6,2,6,7,7,4,2,2,5,6
w2024_113,2024,6,5,2,3,5,4,3,4,5,5,2,5,7,2,5,3,5,4,2
w2024_114,2024,4,1,6,7,7,4,1,7,1,7,1,7,4,5,7,1,1,7,1
w2024_115,2024,4,7,1,4,3,6,5,6,2,7,2,4,7,1,4,6,4,1,7
w2024_116,2024,4,7,3,7,4,5,4,4,4,5,2,5,7,7,3,7,4,4,5
w2024_117,2024,5,5,3,6,5,6,3,3,3,5,2,5,7,3,4,4,4,2,3
w2024_118,2024,5,3,5,2,6,6,4,3,5,4,5,3,6,6,4,2,6,6,5
w2024_119,2024,4,6,4,6,3,5,4,6,5,4,2,6,6,5,5,2,5,5,4
w2024_120,2024,4,2,4,1,2,2,3,5,6,5,6,4,7,1,6,1,5,6,3
w2024_121,2024,3,7,1,7,5,7,6,4,4,3,1,5,7,6,3,5,6,1,2
w2024_122,2024,4,7,1,5,3,4,2,7,4,7,1,7,7,7,1,3,3,5,5
w2024_123,2024,7,5,7,2,7,4,7,1,1,3,7,1,1,7,4,1,7,7,4
w2024_124,2024,5,6,2,5,3,5,5,2,3,2,6,2,7,7,5,5,3,7,5
w2024_125,2024,4,4,3,4,5,4,3,4,4,2,4,5,6,2,4,3,4,4,3
w2024_126,2024,4,5,2,7,2,6,1,3,1,7,1,6,6,7,1,4,3,2,7
w2024_127,2024,4,6,2,5,3,7,2,4,4,5,1,7,7,2,3,3,5,2,6
w2024_128,2024,4,2,2,4,6,5,5,6,5,3,6,1,7,5,4,3,5,3,3
w2024_129,2024,2,7,1,5,5,2,6,4,5,7,1,3,7,6,2,6,2,4,2
w2024_130,2024,4,5,2,6,5,6,5,1,2,5,3,5,7,5,3,3,5,2,4
w2024_131,2024,3,2,3,5,6,2,2,4,4,2,2,5,6,5,5,3,5,4,6
w2024_132,2024,6,3,4,4,5,4,5,2,5,4,4,5,5,3,5,2,5,5,3
w2024_133,2024,5,6,1,7,2,6,3,3,4,6,3,7,7,3,4,2,4,3,5
w2024_134,2024,5,5,3,4,5,6,6,3,4,5,3,5,6,5,5,3,5,3,2
w2024_135,2024,5,2,5,3,5,5,3,4,3,4,3,5,5,5,3,2,4,5,5
w2024_136,2024,4,4,4,6,5,5,6,2,3,6,7,6,6,5,4,4,5,5,6
w2024_137,2024,6,6,2,6,6,6,4,3,5,4,5,3,7,2,3,5,5,1,5
w2024_138,2024,5,5,4,5,5,2,2,3,5,4,2,2,7,4,6,3,5,6,2
w2024_139,2024,2,5,7,6,2,7,2,1,1,7,1,6,6,6,2,5,2,1,6
w2024_140,2024,4,2,4,6,2,3,5,4,5,7,1,7,5,3,6,2,6,6,5
w2024_141,2024,7,6,2,3,3,4,6,2,3,5,4,6,5,3,6,4,6,4,2
w2024_142,2024,4,6,5,7,7,7,3,4,4,7,5,5,7,7,6,3,5,4,7
w2024_143,2024,3,5,1,6,2,6,2,1,5,7,5,6,7,6,2,2,4,1,7
w2024_144,2024,4,6,4,7,4,7,4,4,4,4,4,2,7,7,4,5,5,6,4
w2024_145,2024,1,5,2,7,6,5,6,7,1,7,4,6,7,7,4,2,4,3,5
w2024_146,2024,6,5,4,6,5,6,5,3,4,7,4,2,7,6,5,3,6,7,2
w2024_147,2024,4,5,2,5,4,4,4,7,4,3,4,4,6,6,6,4,3,3,2
w2024_148,2024,5,3,5,6,4,4,2,5,6,2,4,7,7,6,4,2,4,3,4
w2024_149,2024,6,4,4,4,3,5,5,6,3,5,4,4,7,4,2,4,4,7,5
w2024_150,2024,5,5,4,6,7,2,1,4,7,5,3,2,7,1,6,1,7,6,2
w2024_151,2024,4,6,1,5,6,6,2,1,1,6,1,2,7,3,1,1,4,6,6
w2024_152,2024,5,4,3,6,2,7,4,6,3,4,3,4,7,6,2,2,5,3,6
w2024_153,2024,2,5,3,6,7,5,2,1,4,6,5,6,7,6,4,2,2,6,4
w2024_154,2024,4,6,4,6,3,6,6,2,5,6,2,4,5,6,4,5,4,3,6
w2024_155,2024,3,5,2,7,4,7,7,4,2,7,1,4,4,2,4,4,3,2,6
w2024_156,2024,2,6,1,7,3,4,2,3,4,6,2,6,5,2,3,4,6,2,5
w2024_157,2024,7,5,3,5,1,7,5,1,2,7,4,5,7,2,1,1,6,4,7
w2024_158,2024,5,2,2,6,4,6,4,6,7,4,2,5,4,6,4,4,5,4,5
w2024_159,2024,7,7,2,6,2,7,1,4,1,7,2,7,7,6,1,6,1,4,6
w2024_160,2024,6,5,6,4,7,6,6,3,6,7,6,2,7,7,5,5,7,6,2
w2024_161,2024,4,5,2,2,6,6,2,6,6,3,1,5,7,6,2,2,6,6,6
w2024_162,2024,4,6,3,5,5,7,6,3,3,5,1,6,6,5,4,2,3,3,6
w2024_163,2024,3,4,6,7,4,7,7,1,5,7,2,7,7,1,1,5,4,7,7
w2024_164,2024,2,6,7,7,6,7,2,2,3,7,1,7,5,4,1,3,4,2,2
w2024_165,2024,5,5,1,5,5,4,3,1,5,5,1,5,7,6,2,2,6,2,3
w2024_166,2024,5,6,2,2,1,6,2,6,3,7,2,2,4,2,6,3,5,3,6
w2024_167,2024,1,6,7,1,7,2,2,1,7,5,3,1,7,7,5,2,5,7,2
w2024_168,2024,4,5,2,2,2,2,2,4,4,5,2,5,6,4,5,3,4,4,6
w2024_169,2024,3,5,3,7,3,7,1,6,1,7,1,5,7,6,1,3,2,1,7
w2024_170,2024,4,2,1,4,3,4,5,6,5,7,4,5,7,7,5,5,5,5,3
w2024_171,2024,4,6,1,4,4,7,4,4,2,7,1,7,4,4,4,5,3,1,4
w2024_172,2024,5,7,1,4,5,6,3,7,6,7,1,7,7,6,3,2,5,1,1
w2024_173,2024,5,5,3,4,6,4,3,3,4,5,5,4,7,4,6,3,4,5,4
w2024_174,2024,7,6,6,1,2,5,1,6,1,7,1,2,7,2,1,5,6,6,7
w2024_175,2024,4,6,3,6,5,5,3,5,4,5,4,5,5,3,1,4,5,4,5
w2024_176,2024,5,2,4,6,5,6,6,4,4,5,3,5,6,6,3,3,3,6,3
w2024_177,2024,4,7,5,5,7,7,3,7,7,7,4,5,7,4,5,1,4,1,1
w2024_178,2024,6,6,6,7,3,3,5,6,2,7,4,5,7,7,3,3,5,3,6
w2024_179,2024,4,7,7,3,2,2,1,5,2,4,1,7,7,4,6,1,3,7,4
w2024_180,2024,6,5,2,3,5,5,3,4,4,4,4,6,6,3,2,4,5,3,3
w2024_181,2024,5,4,6,5,3,5,5,4,2,5,1,6,3,3,2,6,3,4,6
w2024_182,2024,3,5,3,5,6,5,3,5,4,4,5,6,7,3,3,3,4,1,3
w2024_183,2024,6,7,6,1,7,4,6,1,3,7,3,4,7,1,3,2,6,5,2
w2024_184,2024,4,2,1,7,5,5,1,1,7,6,5,1,7,7,1,1,7,1,2
w2024_185,2024,5,4,1,4,2,6,6,4,4,7,2,7,7,7,5,6,5,1,4
w2024_186,2024,4,7,5,5,5,5,6,5,7,7,5,6,6,5,1,1,6,4,7
w2024_187,2024,6,6,3,3,6,6,5,4,5,7,3,3,6,5,5,3,6,6,3
w2024_188,2024,4,5,6,5,5,3,3,4,4,4,5,3,4,5,5,3,3,4,3
w2024_189,2024,4,7,1,4,3,5,1,5,4,6,3,7,7,4,4,4,3,3,5
w2024_190,2024,5,6,3,7,5,6,4,3,5,6,3,5,6,1,3,3,4,3,5
w2024_191,2024,4,7,7,2,7,7,7,5,7,5,4,3,5,5,6,2,4,7,1
w2024_192,2024,7,4,6,2,7,7,7,1,3,3,1,1,7,6,7,4,6,7,1
w2024_193,2024,4,7,4,7,4,7,4,4,4,5,4,5,7,5,4,5,4,5,4
w2024_194,2024,4,5,3,3,4,4,4,5,5,4,4,4,7,4,4,4,4,3,3
w2024_195,2024,6,3,5,3,6,4,6,2,6,4,3,2,5,4,6,4,5,6,2
w2024_196,2024,4,5,2,6,3,5,4,2,3,4,6,6,5,5,4,2,5,6,3
w2024_197,2024,6,2,6,2,6,6,6,2,4,7,5,7,5,4,3,5,6,6,2
w2024_198,2024,1,7,4,7,6,1,7,1,4,7,1,4,7,7,5,4,1,7,4
w2024_199,2024,7,3,4,3,6,4,3,2,5,3,4,2,7,6,4,2,6,6,2
w2024_200,2024,5,7,4,6,4,6,4,1,3,5,3,6,6,4,4,5,4,5,5
w2024_201,2024,4,6,2,7,4,7,4,7,4,6,2,6,7,6,2,4,5,6,7
w2024_202,2024,6,3,5,1,6,6,4,1,7,2,7,1,7,6,4,3,6,7,2
w2024_203,2024,5,7,2,5,6,6,5,4,7,7,4,5,7,5,3,3,5,5,5
w2024_204,2024,5,5,3,4,5,3,5,4,3,5,3,5,4,1,4,3,6,2,4
w2024_205,2024,3,4,2,4,3,4,1,4,3,4,4,5,7,4,2,3,2,2,4
w2024_206,2024,5,5,1,3,6,6,5,7,4,5,1,3,6,7,5,4,5,2,4
w2024_207,2024,6,6,4,5,5,5,4,2,4,5,5,5,5,5,4,3,5,5,3
w2024_208,2024,5,4,4,4,2,6,3,1,1,7,5,3,7,6,4,3,3,5,5
w2024_209,2024,4,3,3,4,3,5,4,6,4,5,3,4,5,7,3,4,4,4,4
w2024_210,2024,2,3,2,6,4,5,4,1,5,7,2,5,6,3,5,6,2,2,5
w2024_211,2024,4,5,2,6,5,6,4,6,4,5,2,5,6,4,3,4,5,3,5
w2024_212,2024,5,5,3,4,5,5,4,5,3,3,5,3,7,3,5,3,5,2,2
w2024_213,2024,5,5,2,6,5,5,6,5,6,6,5,5,7,5,5,5,4,3,4
w2024_214,2024,3,3,3,5,3,5,3,5,3,3,3,5,7,2,3,2,5,3,3
w2024_215,2024,5,5,1,3,4,5,2,2,5,7,3,1,5,6,4,5,6,2,2
w2024_216,2024,4,1,3,4,4,5,1,2,4,4,3,5,5,6,4,3,5,2,5
w2024_217,2024,6,6,5,5,6,5,7,5,4,3,3,5,5,6,4,3,5,7,2
w2024_218,2024,3,7,3,4,3,6,2,2,7,5,1,5,7,6,5,5,4,6,6
w2024_219,2024,5,5,1,4,5,7,3,6,5,4,3,3,7,7,1,1,5,2,5
w2024_220,2024,6,4,6,5,5,5,6,5,6,6,4,2,7,6,2,4,5,3,2
w2024_221,2024,6,4,2,5,2,6,5,4,5,6,1,6,6,5,1,2,6,2,5
w2024_222,2024,4,5,5,3,4,5,3,2,6,4,4,3,7,2,6,2,4,6,1
w2024_223,2024,4,5,1,3,4,5,2,3,5,4,4,5,7,7,4,2,4,1,4
w2024_224,2024,4,6,2,2,7,2,2,1,4,2,4,1,7,4,5,2,4,6,1
w2024_225,2024,4,5,4,3,5,6,3,2,4,2,7,6,7,3,2,2,4,6,2
w2024_226,2024,5,7,3,5,4,5,2,5,6,7,2,3,7,7,1,3,5,2,2
w2024_227,2024,6,2,1,5,5,5,4,1,6,1,3,3,7,4,4,2,5,3,4
w2024_228,2024,5,4,6,7,4,7,4,1,4,6,3,4,7,6,2,5,5,2,2
w2024_229,2024,4,2,1,7,4,7,4,1,6,3,4,2,7,7,4,1,7,7,4
w2024_230,2024,6,5,1,2,4,4,4,2,6,4,2,6,7,1,4,4,4,3,4
w2024_231,2024,5,5,3,3,5,5,6,5,5,5,4,3,7,2,4,4,5,3,2
w2024_232,2024,5,7,1,7,5,5,2,7,2,7,3,5,7,1,4,1,6,1,3
w2024_233,2024,3,6,1,1,3,4,1,7,2,5,1,5,5,5,2,4,3,2,5
w2024_234,2024,3,4,4,4,6,3,4,1,7,4,5,4,7,4,4,3,5,4,4
w2024_235,2024,5,7,2,6,7,7,1,3,2,6,1,5,7,1,1,3,3,1,6
w2024_236,2024,5,3,1,4,6,7,5,7,1,7,1,7,7,7,5,3,5,3,6
w2024_237,2024,4,3,4,4,5,5,4,4,3,4,4,4,7,7,4,3,4,7,5
w2024_238,2024,6,3,3,5,6,2,3,6,7,3,4,5,2,5,6,2,5,5,3
w2024_239,2024,6,2,1,1,6,6,3,6,6,7,2,4,6,3,2,2,5,2,3
w2024_240,2024,6,7,4,4,5,1,3,2,5,4,3,1,7,4,6,2,6,5,4
w2024_241,2024,3,5,2,5,5,6,3,4,5,7,3,4,4,3,3,2,2,2,3
w2024_242,2024,4,5,3,5,5,5,4,7,4,5,2,5,7,7,4,4,3,5,2
w2024_243,2024,4,4,6,2,5,6,3,2,7,6,3,7,7,1,4,2,4,3,2
w2024_244,2024,5,5,2,6,6,2,4,5,6,4,2,5,7,7,2,1,4,6,6
w2024_245,2024,5,4,5,5,2,6,4,1,1,7,4,7,4,7,4,2,4,6,4
w2024_246,2024,7,1,7,2,5,4,6,2,4,7,7,1,7,1,1,5,7,7,4
w2024_247,2024,7,5,6,4,6,3,3,4,4,5,5,5,4,6,7,3,5,6,2
w2024_248,2024,5,7,1,5,5,7,2,2,6,7,2,5,7,5,4,3,3,2,7
w2024_249,2024,5,5,2,5,4,6,4,5,4,5,4,5,6,5,3,4,5,3,6
w2024_250,2024,3,5,2,6,5,6,4,3,4,6,3,6,7,6,3,4,3,4,3
w2024_251,2024,5,6,5,6,2,1,5,1,4,6,2,1,4,2,7,2,6,6,2
w2024_252,2024,4,5,3,6,3,5,3,6,2,3,2,2,6,6,5,4,4,5,4
w2024_253,2024,6,3,4,5,6,5,6,1,4,5,3,5,6,2,4,3,6,4,5
w2024_254,2024,5,6,3,7,5,5,4,4,4,7,3,5,7,7,4,5,4,5,3
w2024_255,2024,4,4,3,3,5,4,3,3,5,4,6,4,6,6,6,2,6,7,2
w2024_256,2024,4,4,5,2,4,5,4,3,4,3,4,3,3,4,2,3,6,5,3
w2024_257,2024,3,7,2,5,5,7,2,2,2,5,2,6,5,4,4,6,3,2,5
w2024_258,2024,4,6,1,3,4,7,5,6,5,7,5,5,7,4,1,4,6,5,6
w2024_259,2024,5,7,1,1,4,7,5,1,3,4,1,3,7,6,1,6,5,1,4
w2024_260,2024,3,6,5,6,7,7,5,7,5,7,4,6,7,6,4,5,6,4,6
w2024_261,2024,6,6,7,4,3,3,3,7,1,2,2,4,7,4,3,2,6,7,4
w2024_262,2024,4,2,5,7,4,7,4,1,4,3,1,2,6,5,4,2,5,2,7
w2024_263,2024,6,6,6,2,6,6,6,4,4,4,4,4,7,2,6,4,6,4,2
w2024_264,2024,4,6,1,4,4,4,2,2,4,4,5,4,6,6,4,5,4,2,4
w2024_265,2024,3,5,4,6,3,4,3,6,2,4,2,5,4,5,4,4,4,5,5
w2024_266,2024,6,2,5,5,7,5,7,7,7,2,2,7,7,5,2,2,7,7,5
w2024_267,2024,6,5,4,4,5,3,3,1,4,5,3,5,7,3,4,1,6,7,5
w2024_268,2024,4,3,4,2,5,4,3,3,4,3,5,3,7,1,5,2,5,5,3
w2024_269,2024,7,4,7,4,7,5,7,1,1,7,7,7,1,7,4,4,7,7,7
w2024_270,2024,3,5,2,5,3,5,2,6,3,7,2,6,7,6,3,3,3,3,5
w2024_271,2024,5,3,5,5,6,2,5,6,3,2,3,1,7,7,6,1,6,6,3
w2024_272,2024,6,4,4,6,1,7,7,5,4,6,3,2,6,6,5,3,4,4,2
w2024_273,2024,4,5,2,1,7,7,4,1,4,5,3,7,7,2,4,2,4,3,4
w2024_274,2024,3,4,6,6,6,5,6,2,5,4,4,3,7,5,2,4,5,6,3
w2024_275,2024,4,3,6,5,6,5,2,1,5,2,4,5,1,2,5,1,6,6,2
w2024_276,2024,6,5,5,2,2,5,5,3,1,7,1,7,7,3,1,3,6,2,7
w2024_277,2024,6,6,1,5,4,5,2,4,2,5,2,7,7,1,2,4,2,2,6
w2024_278,2024,5,5,4,3,3,5,3,4,4,6,3,5,6,4,3,3,4,6,4
w2024_279,2024,6,3,3,5,4,5,4,4,5,5,4,5,6,5,4,5,5,4,4
w2024_280,2024,6,4,2,2,7,5,6,5,3,4,4,2,7,6,4,3,5,5,4
w2024_281,2024,3,5,3,6,5,5,3,3,4,5,3,5,6,1,5,3,6,2,6
w2024_282,2024,5,7,5,3,6,6,5,6,6,3,5,4,7,5,3,4,5,4,3
w2024_283,2024,5,6,6,2,4,7,4,4,5,7,3,4,6,5,4,2,4,7,3
w2024_284,2024,6,6,4,4,5,4,6,4,2,6,2,3,5,3,1,3,5,3,4
w2024_285,2024,4,7,4,3,6,7,2,2,1,3,1,3,7,1,6,3,6,2,3
w2024_286,2024,3,3,2,6,4,6,3,3,1,6,2,6,7,2,5,3,3,2,5
w2024_287,2024,5,5,3,4,6,6,4,4,5,4,4,4,7,7,4,4,5,3,4
w2024_288,2024,5,7,1,6,2,6,2,4,1,6,1,6,6,4,4,5,2,2,4
w2024_289,2024,6,4,2,3,6,5,2,6,3,6,2,2,6,2,3,3,5,3,5
w2024_290,2024,5,4,3,5,5,4,4,2,5,4,5,4,7,6,4,3,5,3,4
w2024_291,2024,4,7,1,7,5,6,5,6,1,2,2,5,5,7,4,5,5,1,5
w2024_292,2024,4,2,1,7,4,7,6,2,4,6,1,4,7,1,1,4,4,1,1
w2024_293,2024,5,5,2,4,6,5,6,7,4,6,4,6,7,6,5,4,6,5,2
w2024_294,2024,7,7,1,3,7,7,3,1,5,2,7,1,7,1,6,3,4,1,1
w2024_295,2024,3,7,1,4,4,6,2,4,4,4,2,2,7,1,3,1,2,2,4
w2024_296,2024,4,6,7,4,3,4,2,6,7,7,3,3,7,2,4,4,3,1,3
w2024_297,2024,5,6,2,6,4,6,4,3,3,7,4,4,6,6,3,1,6,3,6
w2024_298,2024,4,4,4,5,5,6,4,3,3,2,4,2,7,5,2,3,5,4,4
w2024_299,2024,5,7,3,7,7,7,7,5,5,7,2,7,5,7,1,5,5,3,2
w2024_300,2024,5,7,4,6,5,6,4,4,3,6,2,5,6,5,4,3,4,4,3
w2024_301,2024,5,4,4,4,5,3,6,1,6,4,6,1,7,5,7,2,7,5,3
w2024_302,2024,4,7,2,4,4,7,3,3,4,7,5,4,6,5,5,4,5,2,3
w2024_303,2024,5,7,5,7,6,6,4,6,4,6,3,5,7,6,4,4,5,3,5
w2024_304,2024,4,5,2,4,4,5,3,3,4,3,4,3,4,4,3,4,5,5,2
w2024_305,2024,7,2,5,2,5,1,5,1,1,2,3,2,1,4,6,2,6,5,3
w2024_306,2024,4,2,5,5,7,6,4,7,7,7,4,3,7,1,6,2,6,7,6
w2024_307,2024,5,5,3,3,5,5,3,3,5,6,4,3,6,6,4,3,5,3,4
w2024_308,2024,6,6,6,5,6,6,6,5,5,5,5,5,4,7,6,6,5,5,6
w2024_309,2024,5,4,3,4,5,5,3,2,4,4,4,2,4,5,2,4,4,4,3
w2024_310,2024,3,3,1,7,3,5,1,2,1,3,1,7,7,7,3,7,4,1,4
w2024_311,2024,2,3,4,5,6,6,6,3,5,3,5,2,6,2,3,2,5,3,2
w2024_312,2024,5,3,7,6,4,5,2,7,2,6,7,6,3,6,6,2,6,1,2
w2024_313,2024,5,6,7,7,4,4,3,1,4,7,3,5,7,3,4,3,3,3,4
w2024_314,2024,4,7,2,6,6,5,2,5,1,6,2,5,7,6,3,2,5,2,4
w2024_315,2024,5,6,3,5,6,6,3,3,5,4,4,5,7,1,5,2,5,2,6
w2024_316,2024,4,6,2,6,2,7,7,4,1,6,2,7,6,5,2,3,5,3,6
w2024_317,2024,4,5,4,4,6,4,3,5,2,5,2,5,6,2,5,2,5,4,5
w2024_318,2024,5,5,2,5,6,5,5,2,2,2,3,2,7,3,2,4,6,4,5
w2024_319,2024,5,6,1,4,4,5,3,6,2,6,2,5,5,5,2,3,3,1,5
w2024_320,2024,5,7,4,4,6,6,4,6,6,5,3,5,7,2,4,5,4,4,4
w2024_321,2024,3,7,2,7,6,7,4,1,6,4,3,4,7,7,1,4,5,3,4
w2024_322,2024,5,4,2,4,3,5,3,4,5,5,3,3,6,4,3,5,5,3,3
w2024_323,2024,4,7,6,6,7,6,5,4,4,6,5,5,5,4,5,3,5,6,4
w2024_324,2024,4,5,2,4,2,7,1,3,1,7,1,7,7,5,5,2,1,1,5
w2024_325,2024,7,6,6,2,6,4,5,2,6,7,5,3,7,2,7,4,6,7,4
w2024_326,2024,4,4,3,4,3,4,4,4,4,4,4,3,4,4,4,4,3,5,4
w2024_327,2024,4,6,4,4,3,6,4,6,4,6,2,5,5,6,4,4,4,6,4
w2024_328,2024,6,6,1,6,6,5,4,4,5,6,1,6,7,7,3,2,4,5,3
w2024_329,2024,6,4,3,5,7,5,5,2,4,6,3,7,6,6,5,2,4,2,1
w2024_330,2024,5,6,6,6,3,6,4,2,2,6,2,5,7,6,4,3,5,4,5
w2024_331,2024,4,5,3,5,3,5,5,4,3,3,5,3,7,2,3,5,5,3,5
w2024_332,2024,4,5,4,4,5,4,3,3,6,3,5,4,7,4,6,2,5,5,1
w2024_333,2024,5,4,3,6,2,7,3,2,4,2,2,5,6,3,2,1,3,7,2
w2026_001,2026,4,7,1,7,5,6,3,2,5,6,2,7,7,7,1,2,5,6,3
w2026_002,2026,4,6,5,5,6,4,6,4,2,5,5,5,7,5,3,4,6,4,2
w2026_003,2026,5,3,1,7,3,4,4,4,4,5,4,7,7,7,5,5,5,2,6
w2026_004,2026,6,3,4,5,6,4,4,4,4,5,4,3,6,5,5,4,5,6,3
w2026_005,2026,5,5,2,6,6,6,5,7,3,6,2,6,7,6,4,2,3,3,3
w2026_006,2026,6,5,2,6,7,6,6,1,7,7,7,5,7,1,5,4,6,4,5
w2026_007,2026,4,6,1,7,4,6,5,3,4,6,4,5,7,4,2,6,6,1,3
w2026_008,2026,4,3,6,4,5,4,2,4,6,6,2,5,6,3,4,2,4,4,3
w2026_009,2026,3,6,3,6,4,6,4,1,4,5,5,2,7,3,5,5,5,4,4
w2026_010,2026,4,7,2,5,5,4,7,1,3,6,6,3,4,7,6,7,7,7,7
w2026_011,2026,4,4,5,4,5,4,5,7,4,5,4,3,7,5,4,3,5,5,3
w2026_012,2026,5,5,3,5,6,4,3,2,5,2,6,3,7,2,5,2,6,5,4
w2026_013,2026,5,6,2,6,7,5,5,5,5,5,7,1,7,6,3,2,6,3,2
w2026_014,2026,6,6,1,7,4,6,5,4,2,6,1,5,7,7,2,4,6,3,3
w2026_015,2026,5,3,4,3,3,3,4,1,1,4,2,4,4,3,4,4,4,4,3
w2026_016,2026,5,3,4,6,4,3,1,7,6,5,2,6,7,6,6,2,6,3,4
w2026_017,2026,4,4,3,5,3,5,5,6,5,5,2,3,7,6,3,3,6,5,2
w2026_018,2026,5,5,3,7,6,4,5,7,5,3,4,3,5,3,3,5,6,6,5
w2026_019,2026,3,6,5,7,7,5,7,2,5,5,2,5,3,7,6,3,5,6,1
w2026_020,2026,3,4,2,5,6,6,4,6,5,2,5,5,7,1,1,1,6,6,1
w2026_021,2026,4,7,7,5,7,5,5,2,1,4,3,6,7,5,3,1,5,7,7
w2026_022,2026,4,5,1,6,2,6,4,3,2,6,2,6,7,7,2,4,5,2,6
w2026_023,2026,7,6,2,6,6,7,7,3,6,7,4,4,7,4,5,3,6,6,2
w2026_024,2026,5,7,7,1,3,3,3,1,2,7,1,3,5,5,5,2,3,1,3
w2026_025,2026,6,5,1,4,5,6,3,2,4,5,5,5,7,5,5,2,6,1,6
w2026_026,2026,4,7,5,7,6,7,6,2,4,6,6,2,2,4,6,6,6,4,2
w2026_027,2026,4,4,1,6,2,7,1,1,3,7,1,7,7,5,1,1,2,2,5
w2026_028,2026,5,7,3,5,4,5,2,2,2,5,2,6,7,1,4,2,4,3,3
w2026_029,2026,6,7,2,6,7,5,6,6,5,7,5,6,5,2,6,2,7,2,3
w2026_030,2026,4,6,3,4,5,5,6,6,4,7,3,5,7,1,3,3,3,2,6
w2026_031,2026,2,4,2,5,6,7,5,4,2,6,5,5,7,6,4,3,4,5,6
w2026_032,2026,4,7,3,6,4,5,2,4,6,3,2,5,7,6,6,2,5,3,6
w2026_033,2026,3,4,3,4,6,6,4,7,4,4,2,3,7,5,3,1,6,6,2
w2026_034,2026,4,7,7,4,4,6,3,6,4,7,2,6,7,2,4,2,3,5,4
w2026_035,2026,4,3,5,2,5,2,5,2,6,3,6,4,6,2,6,4,6,5,4
w2026_036,2026,5,6,6,4,6,3,5,5,5,3,5,5,6,5,5,2,6,5,3
w2026_037,2026,6,5,3,6,6,3,3,3,6,3,6,3,7,6,3,3,6,2,4
w2026_038,2026,6,7,1,7,6,1,1,7,5,2,1,5,7,1,4,3,6,3,1
w2026_039,2026,5,5,2,2,5,6,5,2,4,6,5,5,7,7,4,4,5,1,6
w2026_040,2026,6,4,5,3,4,4,4,4,4,4,4,4,7,4,4,1,4,4,4
w2026_041,2026,4,5,3,4,3,6,6,5,5,6,4,4,2,4,2,3,3,2,5
w2026_042,2026,5,5,3,3,5,4,5,2,6,4,4,2,7,1,5,3,5,5,2
w2026_043,2026,4,5,2,3,6,7,1,5,7,7,2,4,7,4,5,4,5,5,7
w2026_044,2026,4,5,1,6,5,6,4,6,7,5,3,4,7,1,6,4,6,3,5
w2026_045,2026,4,3,3,4,5,5,4,5,5,4,3,3,4,3,4,4,4,5,4
w2026_046,2026,4,5,3,5,5,6,6,6,4,3,5,6,7,3,3,3,6,3,5
w2026_047,2026,5,5,2,4,5,4,5,6,5,7,3,4,7,5,6,4,5,2,3
w2026_048,2026,3,5,5,5,3,6,2,6,3,5,3,3,7,6,3,3,3,6,5
w2026_049,2026,5,7,1,3,7,5,6,1,5,3,4,4,7,3,4,1,6,7,1
w2026_050,2026,2,6,4,5,3,7,2,2,7,7,3,2,7,7,1,3,3,5,2
w2026_051,2026,5,7,2,5,5,5,3,3,2,5,1,5,4,2,5,6,4,3,5
w2026_052,2026,4,5,1,5,6,6,3,2,2,3,3,5,7,5,3,3,6,3,5
w2026_053,2026,3,6,3,6,7,5,2,6,4,4,1,4,7,4,3,1,4,2,2
w2026_054,2026,5,6,2,7,2,7,4,5,4,7,2,7,7,7,5,2,5,4,6
w2026_055,2026,3,5,4,3,4,6,2,4,3,4,3,4,4,3,2,4,6,4,3
w2026_056,2026,5,5,3,4,5,6,4,3,4,5,2,6,7,2,3,2,4,4,5
w2026_057,2026,5,4,2,5,5,6,4,5,5,4,4,2,4,1,4,4,5,4,6
w2026_058,2026,3,6,2,4,5,6,4,7,4,4,3,5,7,7,3,5,4,3,5
w2026_059,2026,5,3,2,5,5,6,5,4,4,3,4,2,7,4,5,3,5,2,3
w2026_060,2026,5,6,5,6,5,3,3,4,4,5,2,3,2,4,5,2,5,5,4
w2026_061,2026,2,5,2,4,4,5,4,6,3,6,2,5,6,3,3,4,5,4,3
w2026_062,2026,5,5,1,5,3,6,3,3,2,7,2,5,6,7,3,2,3,2,3
w2026_063,2026,5,5,5,5,7,5,2,1,5,2,4,3,7,2,5,2,4,7,5
w2026_064,2026,6,5,6,5,6,5,5,5,6,7,4,4,7,5,5,7,7,5,6
w2026_065,2026,5,6,2,5,6,6,5,7,4,6,3,5,6,5,5,4,5,2,2
w2026_066,2026,1,5,4,7,5,7,6,3,5,7,1,6,1,7,4,1,6,5,7
w2026_067,2026,2,5,2,5,2,2,2,7,4,3,4,3,7,5,6,2,5,7,3
w2026_068,2026,4,7,3,5,3,6,2,6,3,5,2,5,5,5,4,3,3,5,4
w2026_069,2026,5,6,2,6,3,6,5,7,4,7,3,7,7,5,3,6,4,2,4
w2026_070,2026,3,4,6,5,5,6,4,5,5,2,3,3,7,2,3,4,4,7,5
w2026_071,2026,3,7,1,7,7,6,2,3,4,7,1,3,7,7,2,2,2,1,5
w2026_072,2026,3,5,2,7,5,6,1,4,2,6,2,3,6,6,1,4,5,1,6
w2026_073,2026,3,7,4,7,2,7,4,7,2,6,1,6,6,6,4,4,3,3,6
w2026_074,2026,6,4,7,3,5,5,3,5,5,5,4,1,1,1,5,3,5,3,2
w2026_075,2026,3,6,4,6,3,5,4,5,1,7,1,7,7,7,2,4,5,5,7
w2026_076,2026,3,6,2,6,4,5,5,4,5,6,3,6,7,2,4,3,4,2,5
w2026_077,2026,5,7,6,7,2,7,1,1,3,7,1,2,4,4,1,6,3,4,5
w2026_078,2026,1,7,4,4,4,7,5,1,1,4,3,7,7,6,1,2,5,4,3
w2026_079,2026,4,4,5,5,6,4,3,2,4,2,1,4,7,7,5,3,5,6,7
w2026_080,2026,4,3,4,7,7,4,7,6,6,3,5,6,7,6,5,1,5,7,5
w2026_081,2026,2,6,3,2,7,7,2,1,1,7,5,2,7,5,1,5,6,6,6
w2026_082,2026,6,5,4,7,6,6,7,3,7,4,1,5,4,2,5,2,6,7,3
w2026_083,2026,6,5,4,4,5,5,6,2,3,6,3,5,7,7,5,2,6,5,6
w2026_084,2026,1,2,7,4,6,6,3,3,5,7,2,4,3,5,1,2,3,2,7
w2026_085,2026,4,2,4,5,5,5,3,5,5,6,5,4,5,5,5,3,5,4,1
w2026_086,2026,4,4,1,6,6,4,5,4,6,7,1,3,6,4,4,2,5,1,6
w2026_087,2026,6,4,7,6,6,6,5,7,3,7,2,4,6,6,4,4,5,6,3
w2026_088,2026,7,5,4,1,7,7,7,7,7,5,7,2,4,5,7,3,7,1,1
w2026_089,2026,4,7,1,7,4,7,5,5,4,2,2,2,5,3,4,4,4,1,5
w2026_090,2026,4,5,4,5,5,5,2,7,6,6,2,4,7,6,1,2,4,6,3
w2026_091,2026,6,3,7,3,2,6,2,3,1,6,2,5,7,7,2,1,3,3,6
w2026_092,2026,3,5,5,5,5,5,3,4,4,4,5,4,5,4,4,3,4,5,3
w2026_093,2026,5,4,4,4,5,5,6,3,5,3,5,4,7,4,5,4,6,3,2
w2026_094,2026,4,5,5,6,6,5,3,1,4,5,3,6,7,7,5,2,3,4,4
w2026_095,2026,6,4,2,5,5,6,3,4,3,5,5,3,6,3,4,3,4,4,4
w2026_096,2026,5,5,3,6,4,3,5,5,4,5,3,2,6,5,5,5,6,3,4
w2026_097,2026,4,7,2,6,3,7,6,7,4,5,3,7,7,7,1,4,5,5,5
w2026_098,2026,6,5,5,5,4,6,6,4,6,3,4,5,4,6,6,4,4,6,5
w2026_099,2026,4,6,1,7,4,7,4,2,5,5,6,4,7,5,2,7,5,2,7
w2026_100,2026,4,5,3,7,5,5,3,7,3,7,2,5,7,2,1,3,2,5,5
w2026_101,2026,5,6,3,7,6,6,6,1,7,5,5,4,7,4,4,3,5,6,5
w2026_102,2026,5,6,4,6,5,7,3,6,2,7,2,6,7,7,3,2,5,4,4
w2026_103,2026,5,4,3,2,5,4,4,5,3,3,7,1,7,6,5,3,6,6,2
w2026_104,2026,4,5,6,5,6,7,5,7,6,6,3,4,7,6,4,4,5,5,6
w2026_105,2026,6,2,7,7,1,5,1,4,4,7,1,7,7,7,5,7,5,1,7
w2026_106,2026,3,5,5,5,4,5,4,2,1,2,1,5,7,6,1,3,4,3,4
w2026_107,2026,4,7,4,4,4,6,5,6,4,4,1,5,7,7,6,2,7,7,5
w2026_108,2026,6,4,7,2,6,7,6,7,6,6,6,2,7,1,1,7,4,4,6
w2026_109,2026,6,5,6,1,6,1,6,4,4,6,6,1,7,6,5,2,5,7,1
w2026_110,2026,3,7,6,7,5,5,3,3,4,6,3,7,5,3,4,6,5,3,5
w2026_111,2026,6,2,5,5,7,4,5,7,5,3,1,5,7,7,5,3,5,7,6
w2026_112,2026,4,5,5,5,5,3,4,3,2,2,6,4,7,5,6,2,5,3,5
w2026_113,2026,3,6,3,7,3,7,3,3,6,5,2,5,7,6,1,3,5,4,5
w2026_114,2026,5,6,4,5,3,6,4,3,5,6,1,6,7,2,5,5,6,3,6
w2026_115,2026,3,7,6,6,7,7,3,6,6,7,2,2,7,5,5,7,7,1,6
w2026_116,2026,4,6,1,6,2,7,2,2,1,6,1,6,5,6,1,4,4,1,6
w2026_117,2026,2,7,3,6,6,7,5,2,5,6,3,2,7,6,1,2,3,6,6
w2026_118,2026,3,7,2,2,3,6,1,7,2,3,4,6,7,6,3,3,4,2,3
w2026_119,2026,5,5,3,5,5,7,5,5,6,6,5,6,6,6,6,4,6,4,5
w2026_120,2026,4,4,1,6,5,5,5,4,5,5,3,5,7,4,2,4,5,3,5
w2026_121,2026,5,6,2,6,2,4,3,2,5,3,2,2,7,3,5,2,6,3,3
w2026_122,2026,5,5,2,4,3,4,1,4,4,4,2,5,7,7,5,4,2,3,4
w2026_123,2026,2,2,2,6,7,5,5,7,2,6,3,6,7,3,5,2,6,2,3
w2026_124,2026,6,5,6,7,6,7,6,6,2,7,3,6,7,7,5,3,7,6,3
w2026_125,2026,2,6,1,6,5,6,4,3,4,6,4,6,7,5,3,5,5,4,5
w2026_126,2026,6,3,3,2,6,3,4,5,6,2,4,4,6,5,5,3,6,4,2
w2026_127,2026,3,3,4,4,5,5,2,7,4,5,4,2,7,5,3,1,5,6,2
w2026_128,2026,6,2,5,2,7,2,6,4,7,1,6,1,7,4,7,2,7,6,2
w2026_129,2026,6,4,3,4,6,2,4,5,6,3,5,2,7,5,1,6,6,6,5
w2026_130,2026,6,4,1,6,6,3,4,4,5,6,1,3,6,6,3,2,6,1,5
w2026_131,2026,4,3,2,6,5,7,4,5,6,3,5,2,7,2,1,2,6,2,2
w2026_132,2026,7,6,4,1,2,1,1,1,7,1,3,5,7,6,6,2,7,6,2
w2026_133,2026,1,3,2,6,2,6,5,7,2,5,1,7,7,5,1,6,5,3,7
w2026_134,2026,4,7,2,5,4,7,5,4,5,6,1,3,7,1,3,3,5,5,3
w2026_135,2026,4,5,5,5,5,6,5,3,7,6,4,4,7,1,3,4,6,2,4
w2026_136,2026,6,4,2,5,6,5,5,4,5,5,2,5,7,6,7,2,7,2,2
w2026_137,2026,3,7,5,7,1,7,6,1,1,7,2,7,7,3,5,4,5,3,7
w2026_138,2026,3,6,2,6,4,5,3,2,3,6,1,6,7,5,3,3,5,3,5
w2026_139,2026,1,6,5,6,3,7,3,1,2,7,1,3,7,2,5,3,4,3,6
w2026_140,2026,5,6,1,6,6,6,3,6,3,6,2,6,7,5,2,3,5,2,2
w2026_141,2026,4,7,4,6,5,5,2,7,2,6,1,5,6,6,4,3,3,6,5
w2026_142,2026,3,3,3,5,5,4,1,4,6,6,2,5,7,4,3,2,3,4,5
w2026_143,2026,4,6,3,7,1,5,6,2,1,6,1,6,7,7,5,1,6,6,4
w2026_144,2026,4,6,1,7,6,5,2,7,6,5,1,3,7,7,5,1,4,5,2
w2026_145,2026,5,6,2,6,5,3,5,4,4,4,2,6,6,7,6,3,6,3,2
w2026_146,2026,5,6,5,5,2,6,2,3,7,4,5,5,1,6,1,2,5,3,7
w2026_147,2026,5,4,1,3,5,6,5,6,4,4,3,3,7,3,3,4,3,3,4
w2026_148,2026,4,5,6,5,3,7,2,2,4,4,1,6,4,5,4,3,2,5,6
w2026_149,2026,5,6,3,6,3,7,6,4,5,3,3,5,7,6,3,3,4,3,5
w2026_150,2026,4,6,2,6,4,6,4,5,3,6,3,5,6,5,2,6,3,5,6
w2026_151,2026,3,6,5,3,6,5,3,6,5,3,4,7,7,5,5,5,6,3,3
w2026_152,2026,4,6,1,5,4,7,1,3,3,5,1,6,6,1,1,4,1,2,3
w2026_153,2026,4,3,3,3,4,5,1,3,5,4,2,4,6,7,4,2,4,4,3
w2026_154,2026,6,7,2,6,3,7,2,1,2,7,2,2,7,3,2,2,5,3,5
w2026_155,2026,5,4,3,3,5,3,5,6,5,4,3,5,6,3,5,3,5,5,4
w2026_156,2026,4,5,4,6,6,4,4,6,5,4,3,5,4,6,4,2,4,6,4
w2026_157,2026,4,7,1,6,4,6,1,3,4,7,1,6,7,1,2,5,4,3,5
w2026_158,2026,4,5,1,6,5,6,4,2,4,5,2,7,7,6,2,2,4,2,5
w2026_159,2026,5,4,3,6,4,6,7,4,3,6,2,2,7,7,2,3,3,1,5
w2026_160,2026,4,5,4,6,7,5,3,3,4,5,4,1,7,7,4,2,4,4,3
w2026_161,2026,5,7,1,7,6,7,2,2,4,7,2,6,7,3,4,3,5,3,4
w2026_162,2026,6,5,4,5,5,6,6,5,4,2,4,7,7,6,4,4,5,5,4
w2026_163,2026,3,6,1,6,6,6,2,6,4,6,3,6,7,6,2,2,4,6,5
w2026_164,2026,6,7,4,7,3,7,5,6,2,7,4,7,7,5,1,6,7,5,7
