resp_id,pool_01,pool_02,pool_03,pool_04,pool_05,pool_06,pool_07,pool_08,pool_09,pool_10,pool_11,pool_12,pool_13,pool_14,pool_15,pool_16,pool_17,pool_18,pool_19,pool_20,pool_21,pool_22,pool_23,pool_24,pool_25,pool_26,pool_27,pool_28,pool_29,pool_30,pool_31,pool_32,pool_33,pool_34,pool_35,pool_36
w2021_001,7,7,7,4,4,3,3,5,7,1,7,2,7,7,6,6,6,2,2,7,7,7,7,1,3,6,7,2,3,6,5,5,6,5,6,6
w2021_002,6,5,7,7,5,6,5,7,6,3,5,4,5,4,6,7,5,3,4,4,4,5,6,6,4,6,4,7,5,7,4,4,7,6,4,6
w2021_003,7,5,6,6,6,5,7,7,7,3,6,5,7,7,6,5,5,3,5,6,6,7,7,5,6,6,5,6,6,6,7,4,7,5,5,7
w2021_004,6,4,7,3,5,5,3,6,4,2,6,2,6,5,4,4,7,2,3,5,5,4,7,5,3,7,4,5,3,7,7,2,7,6,6,6
w2021_005,6,6,7,4,6,4,6,7,7,2,5,3,5,6,2,2,6,6,6,6,6,6,6,6,7,7,1,6,7,7,7,7,7,6,7,7
w2021_006,7,7,7,5,7,7,6,7,7,3,7,3,4,6,5,7,7,3,6,6,6,5,5,7,5,7,2,7,7,7,7,6,7,6,6,7
w2021_007,7,7,7,5,4,4,5,7,7,2,4,4,7,7,3,4,6,5,5,6,7,7,4,5,4,7,7,6,4,5,6,6,3,5,6,7
w2021_008,7,6,7,5,4,5,4,7,7,4,4,4,5,7,6,5,6,4,5,7,7,7,7,6,5,7,6,7,6,7,7,6,7,6,6,7
w2021_009,7,7,7,2,4,5,6,7,7,2,6,3,6,6,3,4,7,3,4,6,6,6,7,7,7,6,3,7,7,7,7,4,7,6,6,6
w2021_010,7,6,7,5,4,5,7,4,6,2,4,2,7,6,7,7,5,2,6,5,5,6,7,4,6,4,2,3,4,7,5,4,5,5,6,7
w2021_011,7,6,6,6,4,5,6,6,6,4,6,4,5,5,5,6,5,3,4,5,6,6,6,7,6,6,6,5,5,6,6,5,6,6,7,6
w2021_012,7,7,7,7,7,6,7,7,7,6,6,4,3,6,5,7,6,4,6,7,7,4,7,7,7,7,5,6,7,7,7,5,7,7,7,7
w2021_013,5,5,6,5,4,5,5,7,6,2,4,3,5,5,5,5,5,4,5,5,5,5,6,5,5,6,4,6,6,6,5,5,7,5,5,5
w2021_014,6,7,6,2,1,7,5,7,7,4,4,6,5,6,2,6,6,1,4,6,4,5,6,5,4,6,5,5,6,6,4,4,6,5,2,7
w2021_015,7,7,7,7,7,7,5,6,6,3,6,6,7,7,3,6,6,3,7,6,6,6,3,6,6,6,6,6,6,6,5,6,4,6,6,5
w2021_016,6,6,6,3,5,4,6,6,6,2,2,2,6,5,3,6,6,5,5,6,6,6,4,6,4,3,3,4,5,3,5,5,5,4,5,5
w2021_017,7,7,4,7,1,1,1,1,7,1,1,1,7,4,1,4,7,7,3,4,1,7,7,1,4,5,4,1,7,1,1,1,5,1,1,1
w2021_018,7,7,7,7,5,5,7,7,7,3,7,5,6,6,6,7,7,5,5,6,7,7,7,7,7,7,6,7,7,7,7,5,7,7,7,7
w2021_019,7,5,7,5,7,7,7,7,7,7,7,7,5,7,7,5,7,6,7,7,5,7,5,7,7,7,1,7,7,7,7,5,7,7,7,2
w2021_020,6,3,7,5,4,6,3,7,7,2,2,5,7,5,3,7,7,7,3,5,6,6,7,5,3,6,5,7,3,7,6,6,2,3,5,7
w2021_021,7,7,7,7,5,5,7,7,7,2,7,3,1,5,7,7,7,1,2,5,4,6,7,7,7,7,3,7,6,7,4,4,7,4,7,5
w2021_022,7,7,6,5,7,5,7,7,7,4,5,5,6,7,6,7,7,3,6,6,7,5,6,7,4,7,4,7,7,7,5,6,7,6,7,7
w2021_023,7,6,5,3,4,5,3,6,6,5,4,5,6,6,6,7,5,5,3,6,6,5,7,6,2,4,4,5,4,7,6,5,5,6,6,5
w2021_024,6,5,7,6,5,5,6,7,7,5,5,7,6,6,5,6,6,2,6,7,5,7,6,7,6,6,4,6,6,7,6,5,7,6,7,7
w2021_025,5,7,7,7,5,5,6,7,7,4,7,2,4,6,6,7,5,3,5,5,5,5,6,6,6,7,6,6,6,6,6,6,6,6,6,4
w2021_026,5,7,5,4,4,4,3,5,5,3,4,3,5,6,4,4,3,4,5,5,5,6,5,5,5,6,5,5,6,6,5,5,4,4,5,4
w2021_027,6,6,7,5,5,6,7,7,7,6,4,2,4,7,4,3,6,7,7,7,7,7,6,7,7,7,3,6,7,6,7,3,7,7,7,4
w2021_028,7,7,7,4,4,4,7,6,7,6,3,2,7,6,6,7,5,3,3,7,7,7,7,6,3,6,6,7,7,7,7,4,5,6,7,7
w2021_029,6,4,7,6,6,5,7,7,6,6,5,4,4,5,6,3,6,2,6,5,5,6,6,6,7,7,4,7,6,6,6,4,6,7,7,5
w2021_030,4,5,7,3,6,4,5,7,7,3,6,3,5,6,3,3,7,3,4,4,6,5,6,7,3,6,2,7,7,7,6,3,7,7,6,7
w2021_031,5,5,6,5,4,6,5,6,6,2,6,1,5,5,6,6,5,5,6,6,6,5,3,6,5,6,6,5,5,6,5,4,5,5,5,6
w2021_032,6,5,7,3,5,5,5,7,6,6,6,4,3,6,5,3,7,6,7,7,6,6,6,6,4,7,6,3,6,7,7,6,6,7,7,5
w2021_033,7,6,6,3,3,2,5,6,6,2,6,5,5,6,6,6,6,2,5,7,6,6,7,4,6,6,2,7,6,7,5,2,6,7,5,6
w2021_034,6,6,7,4,6,4,5,6,7,3,7,5,7,7,5,3,5,2,3,7,7,7,7,6,5,7,6,7,6,7,7,5,7,6,7,7
w2021_035,6,5,7,5,5,4,4,6,5,4,6,3,3,6,5,4,6,3,5,7,6,6,6,5,5,6,6,5,6,6,6,5,7,7,7,5
w2021_036,7,5,6,3,5,6,5,5,6,4,5,5,6,7,3,7,7,6,5,6,6,7,6,5,5,6,4,5,5,6,6,4,7,6,6,6
w2021_037,7,6,7,5,1,2,6,6,6,4,7,2,6,6,6,7,6,1,2,6,6,6,7,6,6,7,6,7,7,7,6,4,7,6,4,6
w2021_038,6,7,7,1,5,2,3,7,7,2,6,6,7,7,7,1,3,7,6,7,7,7,7,7,7,7,6,7,7,7,7,7,7,7,7,7
w2021_039,7,6,6,4,6,5,6,5,6,6,7,6,7,7,3,5,7,2,7,7,7,7,4,6,4,7,2,7,7,7,7,7,6,6,7,6
w2021_040,6,4,6,4,6,6,4,6,6,4,3,5,6,6,4,3,6,5,7,7,6,6,4,5,3,6,4,6,6,7,6,5,7,7,7,7
w2021_041,5,6,7,4,6,5,6,7,7,5,7,4,5,6,7,6,6,4,5,6,6,6,5,4,5,6,5,4,7,7,5,5,7,6,6,6
w2021_042,7,6,6,3,4,5,4,7,5,3,3,5,6,7,3,3,5,3,3,6,6,7,6,6,4,6,6,6,6,7,7,5,6,5,4,6
w2021_043,7,5,7,6,5,5,5,6,6,5,6,4,5,4,5,6,5,4,4,5,4,4,6,6,5,7,5,6,6,7,5,4,7,7,6,5
w2021_044,5,7,7,5,6,4,4,6,7,2,7,3,4,5,7,7,5,5,3,5,6,6,3,4,5,6,4,3,7,7,6,6,5,5,6,7
w2021_045,7,7,7,4,4,5,7,7,7,4,7,7,7,7,4,4,7,4,4,7,5,7,7,7,7,7,3,7,7,7,7,5,7,7,4,7
w2021_046,6,6,7,5,7,6,3,6,6,4,6,2,5,6,6,7,7,2,6,6,6,6,6,5,6,6,4,7,7,5,7,6,7,7,7,5
w2021_047,6,6,6,6,3,4,3,6,6,2,5,2,2,6,5,5,5,3,2,6,6,6,6,6,6,6,3,5,6,6,5,4,6,5,3,6
w2021_048,7,7,7,4,4,6,7,7,7,2,5,1,6,7,4,7,6,4,2,7,7,7,7,7,6,7,4,7,7,7,7,7,7,5,7,7
w2021_049,7,7,7,7,6,6,7,7,7,6,7,3,7,7,5,5,7,2,6,7,7,7,7,7,7,7,7,7,7,7,7,4,7,6,7,7
w2021_050,6,6,7,7,5,5,7,7,7,3,7,5,7,7,7,5,6,2,4,7,7,7,6,4,6,6,5,5,6,7,7,7,7,6,5,7
w2021_051,6,7,7,1,4,6,7,7,7,1,3,3,1,7,2,2,7,7,7,7,7,7,1,1,7,7,1,7,7,7,7,7,7,7,7,1
w2021_052,6,7,7,5,6,5,6,7,7,1,6,2,7,7,6,7,6,6,5,6,5,7,7,6,5,7,4,6,7,7,7,6,6,7,5,7
w2021_053,5,7,7,1,5,4,4,7,7,2,4,6,7,7,3,6,6,5,5,5,7,7,5,4,5,5,6,7,6,7,7,5,5,6,6,2
w2021_054,6,6,6,3,4,5,6,6,6,2,4,2,6,6,5,5,5,4,5,5,6,5,5,6,6,6,6,6,6,6,6,6,6,4,5,7
w2021_055,6,5,6,3,5,3,5,5,5,3,6,3,5,6,5,6,6,2,6,6,6,6,6,5,4,6,5,6,5,6,6,5,6,6,6,5
w2021_056,6,5,5,5,4,4,5,7,7,6,6,3,6,6,6,6,5,5,4,6,7,7,6,6,3,6,5,5,6,3,6,6,5,7,7,6
w2021_057,7,7,7,5,4,6,4,7,7,1,4,1,5,5,4,4,5,4,4,5,6,6,7,6,6,7,6,7,7,7,6,6,7,7,7,7
w2021_058,7,7,7,4,5,6,2,6,7,4,3,6,7,7,3,7,7,7,7,7,7,7,7,4,4,6,4,1,7,7,7,7,4,4,6,7
w2021_059,7,7,7,7,7,4,5,7,7,4,4,4,7,7,7,4,6,5,5,6,6,6,6,7,7,7,4,7,7,7,7,4,7,7,7,7
w2021_060,6,5,7,4,3,4,6,7,7,4,4,1,5,6,6,5,5,3,3,6,5,6,6,4,5,6,4,7,5,7,5,4,7,6,5,6
w2021_061,7,5,7,5,4,4,5,7,7,4,5,6,6,7,5,5,6,5,5,7,7,7,6,7,5,5,3,6,7,5,7,3,5,7,5,6
w2021_062,7,7,7,7,7,4,7,7,7,4,7,4,7,7,4,7,7,7,7,7,7,7,7,7,4,7,1,7,7,7,1,1,7,7,7,7
w2021_063,7,6,6,5,5,4,5,7,7,2,5,2,5,6,7,7,6,1,4,6,6,5,7,6,2,6,3,5,5,7,6,4,6,4,5,7
w2021_064,7,7,6,6,5,3,7,7,7,6,6,4,6,7,6,7,6,2,5,6,6,6,7,7,6,6,6,7,7,7,7,7,6,7,7,7
w2021_065,5,7,6,6,7,5,5,6,6,5,6,5,5,7,6,4,6,2,6,6,7,7,6,6,5,6,3,5,7,5,6,6,7,6,6,7
w2021_066,6,6,7,5,4,5,4,7,6,3,4,5,6,7,4,3,5,5,4,6,7,6,6,6,6,5,6,6,6,7,6,6,7,6,6,5
w2021_067,6,4,4,3,6,5,4,7,7,2,4,3,2,6,6,6,2,1,2,6,4,5,7,6,4,6,2,4,4,3,5,4,6,5,4,6
w2021_068,7,6,6,6,5,4,7,5,7,6,4,2,5,7,5,4,6,1,5,7,7,7,6,7,7,7,5,6,4,7,7,7,7,7,7,7
w2021_069,6,5,6,6,3,5,6,6,6,2,6,5,5,6,5,6,6,2,3,6,6,6,5,5,4,6,4,5,5,5,6,4,5,5,5,6
w2021_070,7,6,7,7,5,6,6,7,7,6,6,4,5,6,5,7,6,2,6,5,6,5,7,6,5,7,4,6,7,7,6,4,7,6,7,7
w2021_071,5,7,6,3,4,2,5,3,7,1,1,1,7,5,3,3,6,6,5,5,6,5,5,3,4,2,6,6,2,6,6,6,3,5,1,7
w2021_072,5,6,7,6,4,5,6,7,6,4,6,6,4,5,7,4,7,3,6,6,6,6,7,5,6,6,5,7,6,7,6,5,7,7,6,6
w2021_073,5,6,7,6,4,5,6,7,6,4,6,6,4,5,7,4,7,3,6,6,6,6,7,5,6,6,5,7,6,7,6,5,7,7,6,6
w2021_074,6,4,7,4,4,5,4,7,3,4,6,6,5,7,4,3,6,5,5,7,4,7,4,7,5,7,3,5,7,7,7,6,6,7,6,4
w2021_075,7,4,5,4,6,4,6,7,6,4,5,4,6,7,4,5,7,4,6,6,6,6,6,4,6,7,6,5,6,6,6,6,7,7,7,6
w2021_076,7,7,4,4,4,4,7,7,7,4,4,3,5,7,4,4,6,4,5,6,6,7,6,7,4,6,4,6,6,7,6,6,7,7,5,7
w2021_077,6,5,7,6,4,4,5,6,6,4,5,5,5,6,7,7,7,3,4,5,5,6,6,7,5,7,4,5,6,7,7,5,7,5,7,6
w2021_078,6,7,7,3,5,7,7,6,6,5,3,6,6,6,2,2,6,6,6,6,5,7,5,7,5,7,3,7,7,6,6,5,7,6,7,3
w2021_079,7,7,7,7,6,4,6,7,7,4,7,5,5,7,7,7,6,1,5,7,6,7,7,7,6,7,7,6,6,7,6,7,7,7,7,7
w2021_080,6,5,7,7,6,6,4,7,5,4,7,4,4,6,7,6,6,3,4,6,6,6,7,7,6,5,3,6,7,5,6,5,7,7,6,4
w2021_081,7,5,7,6,5,5,5,7,7,1,7,1,7,6,5,7,6,2,4,6,7,7,6,7,6,7,4,4,6,7,6,6,7,7,6,7
w2021_082,7,6,7,5,5,5,4,7,7,1,7,3,7,5,7,7,6,1,3,6,5,5,7,7,6,7,7,5,5,7,7,7,7,6,7,7
w2021_083,6,6,6,3,3,5,4,7,7,3,7,4,6,6,6,4,7,3,5,6,7,7,6,6,5,7,4,7,6,7,7,7,6,6,6,6
w2021_084,7,7,7,7,6,6,5,6,7,5,6,4,7,7,7,6,6,6,6,7,6,6,7,6,6,7,5,7,6,7,5,5,7,7,7,7
w2021_085,4,6,6,5,3,3,5,7,6,1,5,3,5,5,6,6,5,3,4,5,6,6,7,5,5,6,4,5,7,6,5,4,6,5,5,7
w2021_086,6,6,7,4,4,4,5,6,7,5,6,4,4,6,6,4,6,4,4,7,6,6,6,5,5,7,4,6,6,6,5,5,7,7,7,7
w2021_087,7,6,7,5,3,3,5,6,7,2,6,5,5,5,7,6,6,2,4,5,5,5,6,6,5,5,5,5,5,7,5,5,6,5,6,7
w2021_088,7,6,7,6,7,5,3,6,5,3,5,2,7,7,6,7,4,1,3,5,4,7,7,4,5,6,1,2,7,7,4,4,7,7,7,7
w2021_089,5,6,6,5,5,4,6,6,6,5,4,5,4,5,5,5,6,5,6,5,5,5,6,5,4,6,5,5,6,7,6,5,5,6,6,6
w2021_090,7,7,7,7,6,6,6,7,7,7,6,5,6,7,7,6,7,1,5,7,7,7,7,7,7,7,4,7,7,7,7,6,7,7,7,7
w2021_091,7,7,7,6,6,5,7,7,7,4,4,3,5,7,7,6,7,2,7,7,7,7,7,7,7,7,7,7,7,7,7,7,7,7,7,7
w2021_092,7,7,7,5,5,4,7,7,7,1,5,1,6,5,6,6,2,2,3,7,7,7,7,7,7,7,7,5,6,7,7,6,7,5,7,6
w2021_093,6,7,7,6,6,3,5,7,6,3,6,4,5,6,7,6,4,5,4,6,7,6,7,6,5,7,6,7,5,7,6,6,7,6,6,7
w2021_094,6,5,7,5,6,4,6,6,5,3,4,2,6,6,7,4,4,5,6,6,6,7,6,4,5,7,6,6,5,7,7,6,7,7,6,7
w2021_095,5,7,7,7,6,6,6,6,6,4,6,4,5,5,6,5,6,2,3,6,6,6,6,6,6,7,4,6,6,7,6,6,7,6,5,5
w2021_096,7,5,7,6,7,4,5,6,6,2,6,1,7,7,7,7,5,4,1,5,7,7,6,5,5,7,3,6,4,7,7,4,7,7,7,6
w2021_097,6,6,7,7,6,4,7,7,7,6,7,5,7,7,7,7,7,1,5,7,7,7,7,7,5,7,7,7,7,7,7,7,7,7,7,7
w2021_098,6,2,6,2,6,5,2,3,6,5,1,5,4,5,3,6,7,3,5,4,7,5,5,5,2,7,5,7,6,6,6,6,7,7,5,5
w2021_099,7,7,7,7,6,7,6,6,7,6,6,5,7,7,6,5,6,2,5,7,7,7,6,6,6,7,7,6,6,7,7,4,7,6,6,7
w2021_100,5,7,7,6,5,6,4,3,7,3,2,1,4,6,3,6,7,5,4,6,6,6,7,6,5,6,6,6,7,7,6,4,7,5,5,7
w2021_101,6,6,6,3,4,5,5,7,7,4,5,5,5,5,5,4,6,3,4,5,5,5,6,5,4,6,3,6,6,6,5,5,7,6,6,7
w2021_102,7,7,7,7,7,6,7,7,7,7,7,7,4,4,7,4,6,5,6,4,5,5,6,7,6,7,4,7,7,7,5,5,6,7,7,7
w2021_103,5,5,5,4,4,5,5,4,7,3,5,3,5,6,5,5,6,5,6,6,7,6,7,6,4,6,2,5,6,6,6,4,7,6,5,5
w2021_104,6,6,6,5,4,4,4,7,6,3,4,3,5,7,5,5,7,5,5,6,6,7,5,5,5,6,6,6,5,7,6,5,4,6,6,5
w2021_105,7,7,7,7,4,3,7,7,7,2,7,2,5,6,7,7,5,1,4,6,5,7,7,6,6,5,4,7,7,7,6,3,7,6,2,6
w2021_106,6,5,7,4,7,5,5,6,6,6,5,6,7,7,5,5,6,7,7,7,6,7,5,6,6,7,6,7,7,7,7,6,5,6,7,5
w2021_107,7,7,7,3,5,4,3,6,6,2,4,5,6,6,6,5,6,2,3,5,5,5,6,4,6,7,5,6,7,7,6,2,7,5,6,6
w2021_108,7,7,7,4,5,5,7,7,7,1,7,6,7,6,7,4,6,1,5,5,6,6,7,6,2,7,6,5,7,7,6,6,7,6,7,6
w2021_109,7,7,7,4,6,5,7,7,7,5,6,6,7,6,7,5,5,4,6,5,6,6,7,6,3,7,6,5,7,7,6,6,7,6,7,7
w2021_110,6,7,7,6,5,5,5,4,7,3,5,3,6,7,7,7,6,3,5,6,6,6,7,6,4,4,5,5,6,7,7,5,7,6,5,7
w2021_111,6,7,7,3,4,5,2,4,6,2,5,2,6,6,6,6,6,4,3,6,4,6,7,3,5,6,2,5,7,6,4,2,7,5,7,6
w2021_112,6,6,7,4,3,6,3,7,6,7,4,5,7,5,2,2,6,2,6,5,6,4,6,5,6,7,1,5,6,6,7,5,4,7,6,5
w2021_113,7,7,6,3,5,5,5,7,7,5,6,6,4,5,3,3,5,5,6,5,5,7,5,7,4,6,4,6,7,6,6,6,7,7,7,7
w2021_114,6,5,6,5,4,5,3,6,6,3,6,5,6,6,5,5,5,5,3,6,6,6,5,6,4,5,3,6,6,5,6,5,6,6,5,5
w2021_115,4,6,6,3,3,5,4,5,5,3,4,2,5,5,4,6,4,5,5,5,5,5,5,6,5,5,3,4,6,6,5,5,3,5,5,4
w2021_116,4,7,7,7,5,6,7,7,7,5,7,7,7,7,7,6,7,6,6,7,7,7,7,7,6,7,5,5,6,7,6,6,6,7,7,5
w2021_117,6,7,7,5,4,5,6,7,7,5,6,4,7,7,6,7,4,5,2,7,7,7,6,7,6,7,5,6,7,7,6,7,7,7,7,7
w2021_118,7,4,7,5,1,6,4,4,7,6,4,7,7,7,4,6,7,5,7,7,4,7,7,4,4,7,3,5,6,6,4,4,7,7,7,7
w2021_119,7,4,7,5,4,3,4,7,6,3,3,3,5,7,4,7,6,2,4,7,4,7,7,4,4,6,1,6,1,7,4,1,7,5,6,7
w2021_120,7,4,6,4,3,4,6,6,6,5,6,5,3,5,5,2,5,4,4,6,6,6,5,6,5,6,4,7,7,6,6,6,5,7,7,7
w2021_121,7,7,7,6,3,6,7,7,7,5,7,6,5,7,6,7,7,7,6,7,7,7,7,7,7,7,6,7,7,7,7,7,7,6,7,7
w2021_122,7,7,7,7,4,4,6,7,7,1,7,4,7,4,6,6,5,1,5,6,6,6,7,7,4,6,4,5,7,7,7,4,5,6,5,7
w2021_123,7,7,7,6,5,5,6,7,7,4,7,6,7,7,6,5,7,4,4,6,4,7,7,7,6,7,6,7,7,7,6,5,7,5,6,7
w2021_124,7,7,7,7,6,3,4,7,7,5,7,6,4,7,7,7,7,5,7,7,7,7,7,7,7,7,5,7,7,7,7,7,7,7,7,7
w2021_125,7,7,7,7,7,7,7,7,7,7,7,7,7,7,7,7,7,7,5,7,6,6,7,7,6,7,5,7,7,7,7,5,6,7,7,7
w2021_126,7,7,7,3,1,4,5,7,7,1,5,6,5,5,5,4,5,3,3,6,6,6,7,7,5,7,3,6,6,7,6,6,7,6,7,7
w2021_127,6,7,7,5,3,4,5,7,7,3,7,3,5,5,5,7,3,2,5,5,5,5,7,6,4,5,4,5,6,7,5,5,7,5,6,7
w2021_128,7,7,7,5,5,4,7,5,5,4,6,3,6,6,4,3,6,5,5,6,6,6,7,5,5,5,4,5,6,7,7,7,7,7,7,7
w2021_129,6,5,7,7,6,5,4,6,6,5,5,2,5,5,6,7,5,4,4,4,4,5,4,5,4,5,3,5,5,5,5,4,5,6,5,5
w2021_130,2,7,7,2,3,6,2,6,7,1,2,6,2,5,2,2,6,6,2,4,6,5,4,7,6,6,2,5,4,6,5,5,2,1,6,7
w2021_131,6,6,6,3,4,4,4,5,4,2,4,5,5,4,5,3,5,4,4,4,6,5,6,5,4,5,5,6,4,5,5,6,5,5,6,5
w2021_132,6,5,7,5,4,4,6,7,7,5,6,4,4,5,6,5,6,3,4,5,5,5,6,6,6,7,3,7,7,7,5,5,7,7,7,6
w2021_133,6,7,7,7,6,7,7,7,7,5,4,5,6,6,5,5,6,5,5,5,6,7,7,7,7,7,7,7,7,7,7,7,7,7,7,5
w2021_134,7,6,6,6,4,5,6,6,6,4,6,3,5,5,5,6,6,4,6,5,5,5,6,7,5,6,5,6,6,7,6,5,7,7,7,7
w2021_135,6,6,7,5,7,6,7,7,7,5,7,3,6,7,6,6,5,2,5,7,6,7,7,7,6,7,5,7,7,7,6,4,7,7,7,6
w2021_136,7,7,7,7,6,5,4,3,7,1,6,2,3,5,7,7,6,2,6,6,6,6,6,6,5,6,5,6,6,6,6,6,7,6,6,6
w2021_137,7,5,7,7,5,4,3,6,7,5,7,5,5,6,4,4,5,3,5,5,7,7,7,7,5,6,3,3,7,7,7,7,7,7,7,7
w2021_138,7,6,7,4,4,6,5,6,7,3,6,6,7,7,6,6,6,5,4,6,6,6,7,5,4,5,5,7,5,4,6,5,7,6,6,6
w2021_139,6,7,7,7,6,5,6,6,6,4,7,5,5,6,4,5,5,2,3,6,7,7,5,5,5,4,6,6,7,7,7,7,4,6,5,6
w2021_140,5,4,7,7,5,4,3,7,7,4,7,4,6,7,7,7,4,1,6,5,6,6,7,5,4,6,5,6,7,7,6,7,7,7,7,5
w2021_141,7,7,7,4,5,5,7,7,7,7,7,5,5,5,6,6,4,4,2,5,6,6,7,7,7,6,4,4,7,7,5,4,7,7,7,7
w2021_142,7,7,7,6,6,6,7,7,6,6,7,2,5,7,6,6,6,4,4,7,7,7,7,7,6,6,6,6,7,7,6,7,7,7,6,7
w2021_143,7,7,7,4,4,4,4,7,7,3,7,3,5,7,4,7,4,4,4,7,7,7,7,7,4,7,4,5,4,7,7,4,7,7,7,7
w2021_144,6,7,7,6,4,5,6,7,7,3,7,3,4,5,6,5,5,5,3,4,4,5,6,6,5,6,4,5,4,6,5,4,6,6,6,6
w2021_145,6,7,7,6,2,4,5,5,7,2,7,4,6,5,7,7,5,2,3,6,6,6,6,5,6,5,4,6,7,7,5,4,6,7,3,4
w2021_146,6,5,6,4,6,7,6,6,4,4,6,4,6,6,4,7,7,5,4,6,4,6,6,4,7,6,5,7,6,7,6,4,7,6,6,6
w2021_147,6,7,7,6,4,5,6,7,7,1,7,1,6,6,7,6,6,1,6,6,7,7,7,6,6,7,7,6,6,7,5,3,7,7,6,7
w2021_148,7,7,7,7,4,6,6,7,7,3,6,6,6,6,6,6,5,7,6,5,7,6,6,6,6,7,5,7,5,7,6,6,6,6,7,6
w2021_149,7,7,7,4,4,5,6,7,7,1,4,4,6,6,3,4,1,4,1,5,5,5,5,7,6,7,4,7,6,7,6,6,7,7,7,6
w2021_150,6,7,7,6,5,5,6,6,7,5,6,4,5,6,6,6,6,5,7,6,6,6,7,7,6,6,7,5,7,7,6,6,6,7,6,6
w2021_151,7,7,6,5,3,5,5,6,6,3,2,4,6,7,3,5,7,5,5,6,7,7,5,5,4,6,5,6,4,7,6,7,4,5,6,6
w2021_152,7,7,7,7,4,4,6,4,6,3,6,4,5,5,7,6,6,2,5,4,7,4,7,7,3,5,6,6,6,7,6,4,7,3,5,7
w2021_153,6,5,5,5,5,5,6,6,6,5,5,5,5,5,5,4,5,4,5,5,5,5,5,6,5,6,5,6,6,6,6,6,6,6,6,6
w2021_154,6,6,6,4,5,4,5,6,6,4,5,3,5,3,5,5,6,5,5,5,6,6,6,6,5,6,5,6,6,6,6,6,6,5,7,5
w2021_155,7,7,7,5,5,4,6,6,7,2,5,3,5,7,6,5,5,4,2,6,7,6,4,7,4,5,4,7,5,3,6,6,7,7,5,7
w2021_156,4,5,7,3,4,2,2,6,6,2,6,6,6,6,6,6,5,2,4,6,6,6,6,4,5,6,5,5,6,6,6,5,6,6,5,6
w2021_157,7,7,7,5,4,5,6,7,7,2,7,2,3,5,7,5,6,6,5,6,7,6,5,7,7,7,7,7,5,7,7,4,6,5,7,6
w2021_158,4,5,6,3,4,2,3,5,6,2,5,6,6,6,5,6,5,2,3,5,5,6,6,4,5,6,6,5,6,6,6,6,6,6,5,6
w2021_159,7,7,7,4,6,7,6,7,7,6,6,4,5,5,4,4,6,4,4,7,6,6,6,6,7,7,6,6,6,6,6,6,5,7,7,6
w2021_160,6,6,7,5,4,5,4,6,5,4,5,5,3,5,5,4,6,5,6,5,5,5,6,4,5,5,5,6,3,5,5,4,6,5,6,5
w2021_161,6,6,7,5,4,5,5,7,7,4,6,4,3,6,6,5,7,3,6,6,5,7,5,6,6,7,2,7,7,7,5,5,7,7,7,5
w2021_162,6,6,3,5,7,7,6,6,6,6,3,5,6,6,3,3,6,6,6,6,6,6,4,6,6,7,5,6,6,7,7,6,7,7,7,6
w2021_163,7,5,6,5,3,5,6,7,5,1,6,5,7,5,6,3,5,4,4,2,4,6,3,4,5,6,5,5,7,6,3,4,2,4,5,6
w2021_164,7,6,7,5,4,4,6,7,7,4,7,1,5,6,6,7,6,4,2,6,6,7,2,6,5,7,4,4,7,7,7,4,7,6,6,6
w2021_165,6,7,7,6,6,5,6,7,6,4,7,6,4,5,6,7,6,4,6,6,6,6,6,6,6,7,4,6,6,6,5,5,6,6,7,7
w2021_166,7,7,7,5,6,6,7,7,7,6,7,5,4,5,4,6,6,3,5,5,5,5,5,6,5,6,5,5,6,7,6,6,7,6,7,7
w2021_167,7,6,7,5,5,5,5,7,7,3,5,3,5,6,4,7,4,1,5,7,7,6,4,6,4,5,5,6,6,7,6,6,6,4,6,7
w2021_168,6,4,6,5,6,5,4,7,6,3,7,2,6,6,7,3,6,1,5,6,6,6,6,7,5,7,4,6,7,6,5,6,7,6,5,4
w2021_169,6,5,7,2,6,5,6,7,5,2,7,2,5,6,5,6,5,5,5,7,7,6,6,7,6,5,4,6,5,7,6,5,7,5,5,7
w2021_170,4,4,7,6,2,4,3,7,6,1,4,2,3,5,4,5,5,2,1,5,5,5,5,5,5,6,3,6,4,6,6,5,5,4,7,7
w2021_171,7,7,6,5,4,6,5,4,7,2,5,5,6,5,4,5,4,4,3,4,6,2,5,5,5,3,2,7,6,6,4,1,6,7,3,6
w2021_172,4,7,7,5,6,7,6,7,7,6,6,3,5,6,3,1,6,5,6,6,6,7,5,6,4,4,5,5,7,7,7,5,7,7,5,7
w2021_173,7,6,7,6,7,6,6,7,7,6,7,4,4,5,7,6,7,5,7,6,6,6,7,6,5,5,6,4,6,7,6,4,7,6,6,7
w2021_174,6,7,7,7,5,4,5,6,6,4,5,4,4,5,6,6,5,4,5,5,5,4,6,6,5,6,5,5,5,6,6,5,6,5,6,6
w2021_175,6,4,6,4,6,5,4,6,5,5,5,5,5,6,4,5,5,6,6,6,6,6,5,4,5,6,5,6,5,6,5,5,5,6,5,5
w2021_176,6,4,7,2,6,5,6,7,7,6,6,4,4,6,5,4,5,4,5,6,6,6,6,6,7,5,2,7,7,7,7,4,7,7,5,5
w2021_177,6,5,6,6,4,4,6,7,7,3,6,4,5,6,6,6,5,2,4,6,6,6,6,6,6,6,6,6,6,6,6,5,7,5,4,7
w2021_178,6,6,7,4,5,2,6,6,6,3,5,4,5,6,6,5,5,4,3,6,5,5,7,6,4,6,2,5,6,6,5,4,6,5,6,6
w2021_179,7,7,7,5,7,7,5,7,7,6,6,7,7,7,5,3,7,6,7,7,7,7,6,7,7,7,2,7,7,7,5,5,6,7,7,6
w2021_180,6,5,7,4,3,5,5,6,7,3,5,3,5,6,3,6,6,5,6,6,6,6,6,5,4,6,2,6,6,6,6,3,5,6,5,7
w2021_181,5,4,7,4,4,5,4,4,6,3,6,5,4,4,5,1,5,6,5,5,4,4,5,6,5,6,3,6,7,4,4,3,7,6,4,5
w2021_182,6,6,6,4,5,3,5,5,6,5,6,5,5,5,4,2,5,3,6,5,5,6,5,6,6,7,4,6,6,7,6,5,7,6,6,5
w2021_183,5,5,6,6,3,4,3,7,6,2,5,2,5,5,7,6,4,4,5,6,6,5,7,7,6,6,4,6,6,7,6,4,7,6,5,5
w2021_184,7,6,7,5,6,4,5,5,7,5,6,5,6,4,6,6,6,3,5,6,6,6,5,4,6,6,7,7,7,6,4,2,7,6,5,6
w2021_185,6,6,7,6,7,4,5,6,6,4,5,4,5,5,5,5,6,3,5,6,6,6,6,6,5,6,4,5,6,6,5,4,5,7,5,5
w2021_186,6,7,5,4,4,4,5,7,3,2,4,2,6,6,6,6,3,4,3,6,5,5,6,6,6,6,4,6,5,6,6,4,6,4,6,5
w2021_187,6,7,7,2,5,5,6,7,7,3,7,5,7,7,5,5,7,7,7,7,7,7,6,7,4,5,6,7,7,7,5,7,7,5,5,1
w2021_188,6,7,7,6,4,5,5,4,7,3,5,3,5,5,4,5,5,2,3,5,5,5,5,5,5,6,4,5,5,6,6,5,7,5,7,7
w2021_189,7,6,7,5,6,5,6,5,6,4,4,6,6,6,4,4,6,5,5,6,6,6,5,6,5,6,5,7,7,6,6,6,6,6,6,6
w2021_190,6,6,7,3,3,6,5,7,6,4,7,4,6,6,7,7,6,1,6,7,5,7,7,7,4,7,5,7,7,7,6,6,7,7,6,5
w2021_191,7,6,6,4,6,5,6,6,6,3,5,5,6,7,5,7,6,5,5,6,6,7,6,5,4,6,6,6,5,6,6,4,7,6,6,6
w2021_192,6,5,6,4,5,4,5,6,6,5,5,3,6,5,5,6,6,4,4,5,6,5,5,6,4,6,5,6,6,6,6,5,6,6,6,6
w2021_193,6,7,7,5,4,5,6,6,7,5,5,5,6,7,5,4,5,5,4,7,7,7,6,6,6,6,5,7,7,6,7,7,7,6,6,7
w2021_194,5,6,7,4,5,3,2,7,7,2,6,4,5,7,6,6,7,3,4,6,5,7,5,6,6,7,4,7,6,7,6,5,7,5,6,5
w2021_195,6,5,6,6,4,4,4,5,5,3,5,5,5,5,6,4,4,3,3,6,4,5,7,6,3,7,1,5,7,7,5,5,7,6,7,7
w2021_196,7,7,7,4,4,4,6,6,7,4,4,4,6,7,6,7,5,2,4,7,7,7,6,6,5,5,6,6,4,7,7,4,6,6,5,7
w2021_197,7,7,7,6,5,3,6,6,7,3,7,1,4,3,7,3,3,2,3,4,4,4,7,7,3,7,5,5,7,7,5,4,7,4,6,5
w2021_198,6,6,6,5,6,5,6,6,6,3,6,4,5,4,6,5,6,4,4,6,5,6,6,7,6,7,3,4,5,5,6,5,7,4,6,7
w2021_199,6,5,7,3,3,3,6,6,6,2,6,5,6,6,6,3,6,5,5,6,6,6,6,6,6,7,3,7,5,7,6,2,7,7,6,6
w2021_200,6,7,7,7,5,5,4,6,7,2,6,5,6,6,6,4,6,5,5,6,6,6,3,6,4,7,4,5,6,6,4,2,6,4,7,6
w2021_201,7,7,7,6,5,6,6,7,7,4,6,3,5,6,4,5,6,5,6,6,7,6,6,7,4,6,4,3,6,7,7,5,7,5,6,5
w2021_202,7,7,7,5,6,5,7,7,7,3,5,2,5,5,6,6,6,5,5,5,6,6,7,6,3,7,5,6,6,6,5,6,6,6,7,7
w2021_203,4,6,5,3,4,4,5,6,6,2,4,1,5,4,4,5,5,5,3,5,5,6,5,5,3,5,5,5,5,5,5,5,3,4,4,5
w2021_204,7,4,7,2,4,5,5,7,4,1,2,1,4,4,1,2,7,6,2,2,4,2,2,1,1,7,2,6,5,7,7,1,7,4,7,6
w2021_205,6,5,7,4,5,5,3,5,5,4,5,3,5,6,7,5,5,5,6,6,5,6,3,6,6,6,5,5,6,6,6,5,6,7,7,4
w2021_206,6,6,6,6,6,5,6,6,6,5,6,5,6,5,6,6,6,4,5,6,6,5,6,6,4,6,5,6,5,6,5,5,7,6,6,6
w2021_207,6,5,7,6,5,4,5,6,7,3,6,4,4,5,6,6,6,4,5,6,6,7,7,6,5,6,5,6,7,6,6,6,7,7,7,7
w2021_208,7,7,7,3,2,3,7,7,5,3,7,3,3,7,6,5,5,4,5,7,6,7,7,7,6,6,7,7,7,6,7,6,7,7,7,6
w2021_209,7,7,7,7,6,4,4,7,6,2,4,3,5,4,6,4,7,4,6,6,6,4,7,6,4,7,2,7,6,7,6,4,6,6,7,7
w2021_210,7,5,7,3,6,6,6,4,7,2,6,5,6,7,6,7,7,7,6,7,7,7,7,6,5,7,4,6,6,7,6,5,7,5,7,5
w2021_211,6,6,7,4,6,5,3,7,7,5,7,5,6,7,5,5,3,5,4,7,7,7,7,7,5,6,3,6,6,7,6,7,7,6,7,6
w2021_212,5,4,6,2,5,5,5,7,6,3,5,6,5,5,3,5,6,5,6,5,5,5,3,3,2,6,5,6,6,6,5,4,6,5,6,5
w2021_213,7,7,7,4,4,5,6,7,7,3,4,5,5,6,6,5,5,5,7,6,7,6,7,6,7,7,5,6,7,7,7,4,5,7,7,6
w2021_214,6,7,7,5,6,5,4,6,7,5,5,5,5,5,5,5,5,5,5,6,6,7,6,6,5,6,5,7,7,7,7,5,7,6,7,7
w2021_215,7,7,7,3,5,4,7,1,7,3,3,5,5,7,3,7,7,6,6,7,7,7,6,7,7,7,7,7,5,7,7,7,6,7,5,7
w2021_216,6,5,7,4,5,5,4,7,6,3,5,2,6,6,4,4,3,3,5,6,6,5,5,6,4,6,4,4,5,6,4,3,6,7,7,6
w2021_217,7,6,7,5,5,5,6,7,7,4,7,5,5,6,6,6,6,5,6,6,6,6,6,7,4,7,7,6,6,6,7,7,7,6,7,6
w2021_218,6,6,6,6,4,5,5,6,6,4,6,3,4,4,5,5,6,5,4,5,5,5,6,6,6,6,6,6,6,6,6,6,6,6,7,7
w2021_219,6,5,7,7,6,6,6,7,7,3,5,4,6,6,3,4,5,5,5,6,7,6,3,6,4,5,5,5,5,6,4,4,6,6,6,7
w2021_220,6,7,7,5,7,7,7,7,7,5,7,5,7,7,5,7,7,6,6,7,7,7,7,7,6,7,7,7,7,7,7,7,7,7,7,4
w2021_221,5,7,7,7,5,6,6,4,7,3,4,5,3,6,4,3,6,4,3,6,7,6,7,4,5,6,4,7,5,7,7,5,5,6,6,7
w2021_222,7,6,7,7,7,7,5,6,5,6,5,5,6,6,7,4,7,1,5,6,5,6,6,6,6,5,6,6,7,7,7,5,4,7,7,7
w2021_223,6,5,7,5,6,4,3,6,7,6,6,5,5,6,6,5,7,5,7,6,6,7,6,5,5,6,3,6,6,7,6,6,6,7,5,6
w2021_224,6,6,7,6,2,6,6,6,5,5,4,5,6,6,6,5,6,2,3,5,6,5,7,6,2,6,2,6,4,6,6,6,7,7,6,6
w2021_225,7,7,7,5,5,5,7,7,7,5,7,5,7,7,3,4,4,5,5,7,7,7,6,7,6,7,2,7,5,7,7,7,7,6,7,7
w2021_226,5,6,7,7,4,6,6,7,6,3,6,5,4,6,6,6,6,4,4,6,6,6,7,4,4,6,4,6,6,7,6,5,7,6,6,7
w2021_227,6,7,4,6,5,6,6,7,4,7,7,3,7,7,2,3,6,7,6,7,6,7,7,7,7,7,3,7,7,4,6,2,7,7,7,5
w2021_228,6,6,7,4,4,4,4,7,7,4,4,2,6,6,4,5,5,4,2,6,4,4,6,7,3,6,4,6,5,5,6,4,6,6,6,7
w2021_229,7,6,5,7,4,5,2,7,7,1,5,1,6,6,7,5,7,2,6,3,2,2,7,6,5,7,2,6,6,7,6,5,7,4,6,7
w2021_230,5,5,6,6,6,6,4,6,4,5,5,5,4,6,5,5,5,5,5,5,5,5,5,5,3,5,5,5,6,6,5,5,7,7,6,6
w2021_231,6,5,6,4,5,5,4,6,6,4,4,3,5,6,6,5,6,5,5,6,6,6,7,4,4,7,3,5,6,7,5,5,3,6,6,4
w2021_232,5,5,6,7,6,6,4,5,5,6,6,3,6,6,6,4,7,7,7,7,7,7,3,6,5,6,2,7,7,5,6,5,7,6,7,2
w2021_233,6,7,5,5,5,4,2,6,7,3,7,2,4,5,7,4,5,3,4,6,6,6,5,5,4,6,6,7,7,7,7,4,6,6,7,3
w2021_234,7,7,7,7,6,6,6,6,6,5,5,5,5,6,4,7,6,3,4,6,6,5,6,6,6,6,6,6,6,6,6,5,6,6,6,7
w2021_235,4,7,7,6,6,6,7,7,7,7,3,6,6,6,4,5,7,5,6,6,1,6,6,7,6,7,3,6,7,7,6,2,7,7,7,7
w2021_236,7,7,7,7,6,7,7,7,7,2,7,4,6,6,4,7,6,4,1,6,6,7,5,6,6,6,6,6,7,7,7,2,7,6,6,6
w2021_237,7,7,7,5,6,6,7,7,7,6,4,4,5,5,6,7,6,5,5,6,5,7,6,6,6,6,4,7,6,7,7,4,6,7,7,7
w2021_238,5,6,7,3,6,5,6,6,5,4,6,5,6,6,6,5,6,7,6,7,6,6,7,5,5,6,6,6,7,6,6,5,5,7,6,3
w2021_239,7,7,7,5,5,4,6,6,6,4,6,2,6,5,6,6,7,2,5,6,6,5,6,6,6,6,5,7,7,7,6,5,7,6,6,6
w2021_240,6,4,6,6,5,4,4,7,6,4,4,3,5,6,6,5,6,1,5,5,5,5,6,4,5,7,4,6,5,6,5,4,6,5,7,7
w2021_241,7,4,7,2,5,5,3,7,7,3,4,1,5,3,7,1,5,4,5,5,4,4,3,4,4,7,3,7,5,7,5,3,5,5,6,3
w2021_242,6,6,6,6,5,5,4,6,6,2,5,2,5,5,6,6,6,2,5,5,5,5,6,6,6,6,6,4,5,6,5,3,5,4,6,6
w2021_243,5,6,5,5,4,3,5,4,6,1,7,4,5,6,5,6,5,5,5,5,5,6,5,6,4,4,3,6,5,4,5,5,7,7,5,6
w2021_244,3,5,6,3,6,5,2,5,5,5,6,5,6,6,2,2,6,6,6,7,6,7,6,6,6,7,2,6,7,6,6,6,3,7,7,2
w2021_245,6,6,7,7,5,5,6,7,7,5,7,6,6,7,7,7,6,1,5,7,7,7,7,6,6,7,7,6,7,7,7,5,7,7,6,7
w2021_246,6,6,6,6,5,4,5,6,5,3,6,4,6,6,5,5,5,3,3,6,7,7,5,5,5,4,6,5,6,5,6,7,4,5,5,6
w2021_247,7,6,6,6,6,5,4,6,6,5,6,4,6,6,6,6,6,3,5,5,5,6,6,5,6,6,4,5,5,6,6,5,7,6,6,6
w2021_248,7,4,7,2,6,6,6,4,5,2,5,5,6,7,5,7,7,7,5,7,7,7,7,4,5,7,6,7,7,7,7,4,7,6,7,7
w2021_249,7,7,7,6,5,5,7,7,7,5,6,4,5,5,6,6,6,3,6,5,5,5,7,7,5,7,4,7,6,6,5,5,7,7,7,6
w2021_250,7,7,7,3,3,6,4,7,7,1,6,5,7,7,3,4,6,5,6,6,6,7,7,7,5,6,5,7,7,7,7,5,7,7,6,6
w2021_251,5,5,4,2,5,4,5,5,5,3,5,4,5,4,5,4,5,3,5,4,6,4,6,5,4,5,5,6,5,5,5,4,5,4,5,5
w2021_252,7,7,7,6,5,6,7,7,7,5,6,6,5,6,5,6,6,4,5,5,4,6,6,6,6,6,3,6,5,5,5,5,7,7,6,6
w2021_253,6,6,7,4,3,6,6,7,4,2,6,3,7,7,7,7,3,2,2,5,4,5,6,6,5,5,4,6,6,7,6,4,7,3,6,6
w2021_254,7,7,7,7,4,4,7,7,7,4,7,4,7,4,7,7,6,3,5,4,4,4,7,7,7,6,1,7,6,7,5,3,7,6,4,7
w2021_255,6,5,7,2,5,5,6,7,6,3,6,3,3,5,2,4,6,5,4,5,5,5,6,6,5,7,3,5,7,6,5,5,7,6,6,7
w2021_256,7,6,7,6,6,5,5,5,5,4,6,5,5,6,6,6,6,2,4,6,6,6,6,6,4,7,5,6,6,6,6,5,7,7,6,6
w2021_257,6,6,6,5,5,5,5,5,6,4,5,4,5,6,4,5,6,4,5,5,6,6,5,5,5,5,5,5,5,6,6,6,5,5,5,6
w2021_258,5,6,7,5,5,4,6,6,6,3,2,5,6,6,4,3,5,5,5,5,5,5,5,6,5,5,3,6,6,5,6,5,7,4,6,7
w2021_259,7,7,7,7,7,4,7,7,7,6,6,3,5,5,6,4,5,3,6,6,4,6,7,6,7,7,4,7,7,7,6,6,7,7,7,7
w2021_260,7,6,7,6,4,6,5,7,7,4,6,4,4,5,2,5,5,4,4,6,5,5,7,5,5,7,4,6,7,7,7,1,7,5,7,7
w2021_261,7,7,7,6,7,4,5,6,7,4,7,4,7,6,6,6,6,1,4,6,4,6,7,6,6,7,3,7,6,6,4,4,7,7,7,7
w2021_262,4,5,6,3,6,6,4,6,6,3,5,3,5,3,4,3,6,2,5,5,6,4,6,4,3,5,4,5,6,5,6,6,6,6,6,5
w2021_263,5,5,7,6,4,5,6,6,6,5,6,4,6,6,7,7,7,4,5,6,5,5,7,6,6,7,6,6,6,7,5,5,7,6,6,7
w2021_264,7,6,6,3,5,5,7,6,7,3,5,5,6,6,6,5,6,3,5,6,6,6,5,6,6,7,2,5,6,6,6,4,6,7,6,6
w2021_265,7,6,6,3,5,5,6,6,7,2,5,6,6,6,6,5,6,4,5,6,6,6,6,5,6,7,2,6,6,6,6,4,6,7,6,6
w2021_266,6,6,6,4,5,3,4,6,6,2,5,2,4,6,4,6,3,3,5,6,6,6,6,4,6,6,2,4,4,6,6,6,5,5,6,6
w2021_267,6,5,5,5,6,5,5,6,6,3,7,6,4,6,5,4,7,6,7,6,7,7,5,7,5,6,3,6,5,6,7,6,7,7,6,4
w2021_268,7,7,7,7,5,6,7,7,7,4,6,4,6,7,6,4,7,2,7,7,7,7,7,7,6,6,3,7,7,7,7,2,7,6,6,7
w2021_269,6,5,6,4,4,5,3,3,5,2,6,5,4,4,5,4,5,4,3,5,5,5,5,5,5,6,3,4,6,6,5,4,7,4,6,6
w2021_270,7,6,6,4,5,5,5,7,7,3,6,5,6,6,4,3,6,4,4,6,7,7,6,6,5,7,6,7,7,7,7,6,6,6,7,7
w2021_271,5,6,6,4,5,4,4,4,4,4,4,5,5,5,4,4,5,5,5,5,7,6,3,4,4,6,5,5,6,5,5,7,7,5,6,5
w2021_272,6,6,6,5,5,4,5,7,6,5,6,4,6,5,6,5,5,3,5,5,4,5,5,6,5,6,4,6,5,5,5,4,6,7,6,5
w2021_273,7,7,7,7,5,4,6,7,7,3,6,4,5,5,4,5,6,4,4,5,5,4,5,6,5,6,4,6,6,6,5,4,6,6,6,6
w2021_274,7,7,3,3,6,5,6,7,7,4,6,4,6,7,6,7,7,7,6,7,7,7,2,6,7,7,2,7,5,6,6,6,7,7,7,7
w2021_275,4,6,6,3,5,4,4,6,6,2,6,2,6,6,6,6,6,3,3,6,6,6,6,6,6,6,6,6,6,6,7,6,6,5,5,4
w2021_276,6,6,6,5,6,4,6,7,6,5,4,4,5,6,5,5,7,4,4,6,7,7,7,7,7,7,6,7,7,7,7,7,7,7,7,6
w2021_277,6,6,7,4,6,4,5,5,5,5,5,4,3,5,6,3,6,5,3,5,4,5,6,6,6,7,4,7,6,7,5,4,7,7,7,6
w2021_278,6,7,7,3,2,5,5,7,6,1,7,5,6,4,7,6,6,1,5,6,6,5,7,7,6,6,1,5,6,7,5,4,6,6,6,6
w2021_279,7,6,5,7,4,5,5,7,7,5,6,6,7,6,6,5,6,6,6,6,7,7,7,7,6,5,6,7,7,3,7,6,4,6,6,7
w2021_280,6,4,6,5,4,3,5,4,6,3,5,4,5,5,6,6,4,2,5,6,6,5,6,6,5,6,4,6,6,6,5,5,6,6,6,6
w2021_281,7,7,7,6,6,5,5,7,7,6,7,3,5,6,7,7,6,3,3,6,6,6,6,6,6,7,5,6,6,7,6,6,7,7,7,7
w2021_282,7,7,7,6,6,5,5,7,7,3,6,5,5,6,6,4,4,5,6,6,6,6,7,7,7,3,5,7,7,7,6,6,7,7,4,7
w2021_283,5,4,7,3,3,5,5,7,7,3,7,3,5,5,7,7,6,2,2,4,6,5,6,7,6,6,4,6,6,6,6,5,7,7,6,6
w2021_284,7,7,7,6,6,5,6,7,7,6,6,4,5,5,5,5,6,3,5,6,6,6,6,6,5,6,4,6,7,6,5,5,7,6,6,6
w2021_285,6,6,6,4,4,4,6,6,6,2,6,5,5,5,4,4,4,4,4,6,6,5,6,5,6,7,5,6,6,7,5,4,7,6,7,6
w2021_286,7,5,6,2,7,6,4,6,7,4,5,5,4,5,5,6,6,5,7,6,6,7,7,7,5,7,4,7,7,7,7,6,7,7,7,6
w2021_287,7,5,7,7,4,3,4,6,6,2,7,3,3,5,7,6,3,1,5,7,7,7,7,6,4,6,6,5,5,7,7,5,7,3,6,7
w2021_288,7,6,1,1,4,4,6,6,7,7,7,7,1,7,1,4,7,4,7,5,7,7,4,7,6,7,5,7,7,7,7,7,7,7,7,4
w2021_289,7,5,7,6,5,5,5,6,7,5,5,3,4,5,6,6,6,2,4,5,6,6,7,6,6,7,5,7,6,6,6,6,7,7,7,6
w2021_290,6,5,7,4,4,5,4,4,6,3,4,2,3,6,5,6,6,3,4,5,7,6,7,4,4,7,4,5,5,7,4,4,6,7,6,5
w2021_291,6,7,6,6,5,5,6,7,7,3,6,4,6,6,5,6,5,2,1,6,6,6,6,6,5,6,6,6,6,6,5,2,7,3,6,6
w2021_292,6,5,5,4,4,5,5,7,6,3,5,5,5,6,4,5,5,4,5,5,5,7,5,6,4,6,4,7,6,5,5,3,6,6,4,6
w2021_293,6,5,6,6,5,5,5,5,5,4,6,3,4,5,6,6,5,2,5,5,5,5,5,5,4,5,5,5,6,5,5,5,6,5,5,5
w2021_294,7,7,7,5,5,5,6,7,7,2,3,4,6,6,3,3,5,3,3,6,6,6,7,6,5,6,6,6,6,7,6,6,7,6,6,7
w2021_295,6,5,7,7,6,5,5,4,5,3,6,3,6,5,6,6,6,4,5,5,6,5,6,5,5,5,5,5,5,6,5,5,6,6,5,6
w2021_296,5,6,6,5,5,6,5,6,5,3,6,3,6,6,6,6,6,2,6,6,6,6,6,5,4,6,5,5,5,6,5,5,6,6,6,5
w2021_297,7,7,7,7,7,1,5,7,7,1,7,1,7,7,7,7,7,1,5,7,1,7,7,6,4,5,3,5,7,7,6,4,7,2,5,3
w2021_298,7,6,7,4,5,5,3,4,3,2,5,4,5,5,7,3,6,6,4,5,6,6,6,4,5,5,5,6,6,7,6,5,6,6,5,4
w2021_299,7,6,7,5,5,5,6,7,6,3,5,3,5,6,5,5,6,5,5,6,6,6,7,4,4,7,5,5,5,7,6,5,7,7,7,7
w2021_300,6,6,5,5,3,5,6,7,4,3,6,3,6,6,3,5,6,3,2,6,6,6,5,6,4,7,6,6,6,5,6,3,7,5,5,6
w2021_301,5,7,7,5,3,3,6,7,7,2,7,4,5,5,6,7,6,3,4,5,6,6,7,6,6,5,6,6,6,7,5,4,7,5,4,7
w2021_302,7,7,7,4,5,5,7,7,5,2,5,5,6,6,6,3,7,5,7,6,7,6,7,7,6,7,5,6,6,7,6,6,6,5,7,7
w2021_303,7,7,6,5,3,4,7,7,7,2,6,3,4,6,6,6,6,3,2,6,6,6,7,4,5,7,5,6,5,6,6,6,6,4,5,6
w2021_304,7,5,7,4,4,5,6,6,6,3,5,2,6,6,6,5,4,3,4,6,6,6,7,6,5,5,5,7,5,7,6,5,7,6,5,6
w2021_305,6,6,7,4,5,4,6,5,7,3,7,4,6,5,5,3,6,4,5,6,6,6,6,6,6,7,6,7,5,7,7,6,7,6,7,6
w2021_306,6,6,7,5,4,5,6,7,6,4,6,5,5,5,5,4,6,4,5,5,5,5,6,6,5,7,5,7,5,5,6,6,7,5,6,5
w2021_307,7,7,7,7,6,4,5,7,7,6,7,4,5,6,7,6,5,4,4,6,6,5,7,7,4,7,4,5,5,7,6,6,7,7,5,7
w2021_308,6,5,7,5,4,5,4,6,7,5,6,2,4,6,6,5,6,4,4,6,5,6,5,7,6,6,3,6,6,7,7,5,7,6,7,5
w2021_309,7,7,7,5,7,4,7,7,7,4,6,4,7,7,5,5,4,1,6,7,4,7,7,7,4,6,1,7,5,7,7,4,5,5,5,7
w2021_310,7,7,7,4,5,5,6,5,6,5,6,5,5,6,5,6,6,2,6,6,6,7,7,7,3,7,5,7,7,7,5,5,7,6,7,7
w2021_311,7,7,7,7,6,6,6,5,7,4,6,2,5,6,6,3,5,5,5,6,6,6,6,6,4,6,6,6,6,6,6,5,7,5,6,7
w2021_312,7,4,7,6,3,4,4,6,7,3,6,5,4,3,6,6,7,6,4,5,4,5,5,7,6,7,1,7,7,7,5,4,7,7,7,7
w2021_313,7,7,6,7,4,6,5,5,6,5,6,5,2,7,5,5,7,6,6,6,7,7,7,7,6,6,7,4,4,7,7,6,7,6,7,7
w2021_314,6,6,6,6,7,6,5,7,7,6,5,4,5,6,3,6,6,6,6,6,6,6,4,6,3,6,4,5,6,6,6,5,6,6,6,7
w2021_315,5,6,7,4,2,5,5,7,7,1,4,6,6,6,6,7,5,6,2,7,7,6,4,6,1,3,7,6,7,7,7,7,7,7,3,7
w2021_316,7,6,7,2,6,6,6,7,7,5,6,6,6,6,5,3,6,6,4,7,6,6,4,7,7,7,5,7,7,6,6,6,7,6,6,7
w2021_317,6,7,7,7,4,4,7,7,7,2,7,4,6,7,7,7,5,3,4,5,6,6,7,6,6,7,6,7,6,7,6,5,7,7,7,7
w2021_318,5,4,6,3,5,5,3,6,6,2,6,3,6,6,4,6,4,5,3,5,6,5,5,6,3,6,5,5,5,6,6,6,6,5,5,6
w2021_319,6,5,6,3,4,4,6,6,6,4,5,5,5,5,6,5,5,4,5,5,5,4,4,6,4,6,3,6,5,5,4,3,6,5,6,4
w2021_320,6,7,7,6,6,7,6,6,7,7,7,7,7,6,6,6,6,5,6,6,6,6,6,6,6,7,6,6,6,6,6,6,6,6,5,6
w2021_321,7,7,7,6,5,5,6,7,6,5,5,2,6,6,6,6,7,6,5,6,6,7,6,7,6,6,7,6,4,6,6,6,6,7,6,7
w2021_322,7,7,7,7,6,4,5,7,7,4,5,3,4,6,6,4,6,5,4,7,7,6,4,5,5,5,4,6,7,7,6,6,7,6,6,7
w2021_323,6,5,6,4,5,4,5,6,6,3,6,4,5,5,5,4,6,5,5,6,6,5,6,6,5,6,4,7,7,6,6,5,7,6,5,5
w2021_324,5,5,6,4,6,6,6,6,5,5,5,6,4,4,4,2,5,6,5,5,5,5,4,5,5,6,4,6,6,6,5,5,6,6,6,3
w2021_325,7,7,7,6,7,5,7,7,7,7,6,2,5,7,6,7,7,2,6,7,7,7,7,7,7,7,7,7,7,7,7,7,7,7,7,7
w2021_326,7,7,7,5,3,5,6,7,7,1,7,1,6,7,6,6,5,4,6,6,6,5,5,6,5,6,4,6,7,6,6,5,6,5,5,7
w2021_327,6,7,7,3,7,5,6,6,7,3,6,1,6,6,4,4,6,4,5,7,7,7,7,7,4,5,5,7,7,5,7,7,7,6,6,5
w2021_328,6,6,6,2,3,4,4,7,6,5,4,3,4,6,3,7,6,4,3,6,4,3,7,6,2,6,2,5,6,7,7,2,5,6,6,4
w2021_329,6,4,6,3,7,5,4,6,5,4,3,5,5,5,3,3,5,5,5,5,4,5,4,5,5,6,4,4,6,5,5,4,6,6,5,4
w2021_330,6,5,7,6,7,6,5,6,6,5,6,4,5,5,6,6,7,4,6,5,5,4,6,7,4,7,6,5,6,7,6,6,7,7,1,6
w2021_331,6,6,6,6,7,5,5,7,6,3,5,2,4,6,5,6,6,6,5,6,3,5,5,6,5,5,3,6,5,5,5,5,7,4,5,6
w2021_332,7,7,6,7,6,5,5,7,7,4,6,3,5,6,7,6,6,2,5,7,6,6,7,5,6,7,5,7,6,7,6,5,7,6,7,6
w2021_333,6,6,7,6,5,5,5,6,6,3,5,2,6,6,6,6,6,5,5,6,7,6,7,6,6,5,5,3,6,7,6,6,6,6,5,6
w2021_334,6,7,7,6,7,7,6,6,7,6,5,5,4,5,6,4,6,4,5,4,5,6,6,7,6,7,1,6,6,6,6,5,7,7,7,6
w2021_335,7,7,6,5,7,5,6,7,7,4,3,6,5,6,5,7,7,6,4,6,6,6,7,6,3,7,3,7,7,4,6,4,7,6,7,7
w2021_336,7,5,7,5,6,4,6,7,7,4,6,5,3,4,6,5,7,4,4,5,5,6,5,4,3,6,5,6,7,5,6,6,7,4,6,7
w2021_337,7,7,7,7,2,2,4,7,7,2,7,2,6,7,6,4,6,6,2,7,7,5,6,7,6,7,6,7,6,7,7,7,7,7,7,7
w2021_338,7,6,6,4,4,5,6,6,7,4,5,4,6,5,6,6,6,4,5,5,6,5,5,6,6,7,4,7,6,7,5,5,7,6,7,7
w2021_339,7,7,7,5,5,5,4,7,7,5,5,4,6,7,5,7,5,5,4,6,6,6,6,6,4,6,6,6,4,6,7,7,4,6,6,6
w2021_340,6,6,6,4,6,6,5,7,7,5,7,5,6,6,5,6,7,4,6,6,6,7,4,7,6,6,3,7,6,6,6,5,6,7,7,6
w2021_341,7,7,7,4,6,7,4,6,6,5,4,5,4,4,4,4,5,6,5,3,6,6,3,7,3,7,3,4,6,7,4,5,7,6,7,6
w2021_342,7,6,7,7,6,4,4,4,5,6,4,6,6,7,3,6,7,3,7,7,7,7,3,4,4,7,3,7,7,7,7,7,6,7,7,6
w2021_343,6,6,5,3,4,5,5,4,4,2,3,3,4,5,3,3,5,5,4,5,6,6,6,5,4,5,4,3,5,5,5,5,5,6,6,3
w2021_344,7,6,7,6,4,3,5,6,7,3,4,4,4,6,7,7,6,1,6,7,5,6,7,6,5,7,5,7,6,7,6,5,7,5,6,7
w2021_345,6,6,7,6,5,3,3,7,6,3,6,3,4,7,5,7,7,6,7,7,7,7,7,4,3,6,5,3,6,7,7,4,7,7,7,6
w2021_346,6,6,6,3,6,4,4,5,6,4,3,4,2,5,4,5,6,5,6,5,5,5,3,7,6,6,4,5,4,6,7,6,7,5,4,4
w2021_347,6,5,7,6,6,6,4,7,5,5,6,5,4,4,5,6,6,3,5,5,5,5,6,5,5,7,5,7,7,6,6,6,7,7,7,6
w2021_348,6,6,7,6,7,6,5,7,6,4,5,4,6,6,5,5,5,2,3,3,6,7,4,5,6,7,5,6,6,6,6,6,6,7,7,7
w2021_349,6,6,7,5,5,5,6,6,6,3,6,3,5,5,6,5,6,5,4,5,5,5,7,6,5,7,5,6,6,7,6,6,6,6,6,6
w2021_350,6,6,7,3,3,4,5,5,6,1,6,2,5,5,5,4,3,2,3,5,6,3,6,5,2,6,3,5,5,5,3,2,7,3,6,6
w2021_351,7,7,6,5,3,5,6,7,7,3,4,6,6,7,3,3,5,5,3,6,5,6,3,7,6,5,3,7,7,5,6,4,6,7,5,7
w2021_352,7,6,7,4,3,4,6,7,6,2,5,3,5,2,6,7,5,3,5,5,6,5,7,5,4,6,4,6,5,7,6,3,6,4,7,6
w2021_353,7,6,7,5,4,5,7,7,5,3,6,3,6,6,5,5,6,3,3,6,6,6,7,7,4,6,5,7,7,6,7,6,7,6,6,6
w2021_354,6,6,7,6,4,5,3,4,6,3,5,2,4,5,7,5,5,5,3,4,6,6,6,5,4,7,4,6,6,5,5,3,6,5,7,6
w2021_355,5,5,7,7,5,6,4,5,6,4,6,4,4,6,6,5,7,5,4,6,7,6,7,6,6,6,6,5,6,7,6,6,6,7,7,4
w2021_356,7,7,7,7,5,6,5,7,7,2,5,4,5,5,5,6,7,3,6,5,5,4,6,4,3,7,2,6,6,7,6,5,7,5,5,6
w2021_357,7,7,7,5,7,3,7,7,7,4,6,2,7,7,7,4,7,2,6,7,7,7,7,7,7,6,6,7,7,7,6,4,7,7,6,7
w2021_358,7,7,7,5,6,4,7,7,7,2,7,4,7,7,7,7,5,2,3,7,7,7,7,7,5,7,7,7,7,7,7,7,7,7,6,7
w2021_359,7,7,7,2,7,7,7,7,7,7,7,7,7,7,7,7,7,7,7,7,7,7,7,7,7,7,7,7,7,7,7,2,7,7,7,7
w2021_360,6,7,7,5,3,4,5,7,7,4,4,5,4,6,4,6,5,2,3,6,5,7,7,7,5,6,4,6,5,7,6,4,7,7,4,7
w2021_361,7,5,7,4,2,1,4,6,7,1,6,2,5,6,5,7,5,2,5,5,6,5,5,5,4,5,5,7,6,6,6,5,6,6,6,6
w2021_362,6,5,5,4,4,4,3,7,6,2,4,5,6,5,4,5,5,5,5,6,6,6,5,6,4,6,4,5,5,7,5,5,6,3,5,6
w2021_363,6,6,7,7,6,5,5,5,6,4,6,4,6,6,6,6,5,3,5,6,5,5,5,5,5,6,4,6,5,5,6,5,6,5,6,6
w2021_364,6,7,7,5,5,5,3,6,6,2,5,2,6,6,5,5,5,6,5,5,5,5,6,5,6,7,4,5,6,7,6,5,7,6,7,7
w2021_365,5,7,7,7,7,5,6,7,7,2,7,5,5,6,7,7,5,2,6,6,6,5,5,5,5,5,5,6,5,7,5,4,7,5,5,6
w2021_366,6,4,7,7,6,6,6,7,7,5,6,2,6,6,5,4,7,6,7,6,6,6,7,7,6,7,5,7,6,6,6,6,7,7,7,7
w2021_367,5,5,6,4,5,5,6,6,6,2,6,5,5,4,6,5,5,4,5,6,6,6,7,6,6,6,3,5,5,6,6,4,6,4,6,5
w2021_368,7,7,7,6,4,5,7,7,7,1,6,6,6,7,7,7,5,3,4,7,7,7,7,6,5,6,6,7,6,7,7,4,7,5,4,6
w2021_369,6,5,7,3,3,5,4,7,7,3,6,2,3,7,6,6,4,2,1,6,7,7,5,7,5,7,6,7,6,7,6,4,7,5,7,7
w2021_370,6,5,7,5,4,5,5,7,7,2,4,3,6,6,4,3,5,4,5,6,6,6,7,6,4,6,2,5,5,6,5,5,7,6,5,6
w2021_371,7,7,7,7,5,4,6,7,7,4,7,5,6,7,7,3,5,6,7,7,7,5,7,7,7,7,7,7,7,7,7,4,7,7,7,7
w2021_372,6,5,6,4,4,5,4,6,6,3,4,5,6,6,5,3,6,4,5,6,7,7,7,6,3,4,5,5,6,6,7,7,6,5,5,6
w2021_373,7,6,7,3,5,5,5,7,7,2,6,4,5,6,6,6,5,5,5,6,5,6,7,6,6,7,3,6,7,7,6,6,7,5,4,5
w2021_374,6,6,7,3,5,6,5,6,6,2,6,5,5,6,3,6,6,2,6,6,6,6,6,5,5,6,5,6,5,6,6,5,6,5,6,6
w2021_375,7,7,7,7,7,5,6,7,7,5,5,3,4,4,4,6,4,1,4,5,6,6,6,6,4,4,2,2,2,6,6,6,7,6,7,7
w2021_376,7,7,7,7,4,7,7,3,7,4,7,5,2,7,7,7,7,5,6,7,7,7,7,7,5,7,4,7,6,7,7,7,7,6,7,7
w2021_377,6,5,7,4,6,5,6,5,6,3,3,2,4,2,4,2,5,4,4,3,5,2,5,4,4,5,2,3,5,6,4,4,5,6,6,4
w2021_378,6,6,7,5,5,2,4,5,7,3,6,6,6,5,7,6,6,5,5,5,6,6,5,6,6,7,5,6,6,7,6,6,4,6,3,5
w2021_379,7,7,7,4,7,4,5,7,7,5,5,3,7,6,5,3,7,6,6,6,6,6,7,7,5,7,6,7,7,7,7,3,7,5,7,6
w2021_380,6,6,5,4,2,5,3,5,6,5,5,3,3,3,5,6,4,4,3,5,5,5,6,7,6,6,3,6,6,7,5,4,7,7,6,5
w2021_381,5,6,7,5,5,6,5,6,5,4,6,5,4,5,5,6,5,5,4,5,5,4,5,5,3,5,4,5,4,6,5,4,5,4,5,5
w2021_382,7,6,7,6,5,5,6,7,7,5,7,5,7,6,6,7,6,4,5,7,7,7,7,6,5,7,6,7,7,7,6,7,7,7,7,7
w2021_383,6,6,6,5,5,5,5,5,7,6,5,4,5,6,5,6,5,6,4,5,5,5,5,5,4,5,3,5,6,7,5,4,6,7,6,6
w2021_384,6,7,7,5,4,3,3,7,6,2,3,5,1,3,5,6,7,6,6,6,5,7,5,6,7,7,1,7,7,7,7,4,7,7,7,7
w2021_385,7,5,7,4,6,4,4,7,7,3,5,1,7,7,6,5,6,4,5,4,4,4,7,7,6,7,5,5,7,7,5,5,7,7,7,5
w2021_386,7,7,7,5,4,4,6,7,7,5,7,5,6,6,6,6,6,7,6,6,6,6,7,6,6,7,4,6,7,7,6,6,7,6,7,7
w2021_387,6,5,6,4,7,7,3,7,6,7,5,3,2,5,6,6,7,2,6,5,4,6,7,5,5,7,3,3,4,5,6,2,5,5,7,4
w2021_388,6,7,7,6,5,5,5,6,6,4,6,6,6,7,6,6,5,4,5,6,6,6,6,6,6,6,5,6,6,6,6,5,7,5,7,7
w2021_389,7,7,7,4,6,5,6,6,7,4,4,2,6,6,4,3,5,4,5,7,7,7,6,7,3,7,3,6,4,7,5,4,5,6,7,7
w2021_390,6,7,6,3,5,5,5,7,7,2,5,2,5,6,6,3,7,6,4,5,7,7,5,6,4,5,6,5,4,6,6,7,7,6,6,5
w2021_391,3,4,7,7,5,4,5,7,6,5,3,4,7,7,5,6,6,2,3,6,5,5,7,7,5,6,6,7,7,7,6,5,3,5,6,5
w2021_392,7,7,5,4,5,6,6,7,7,5,6,6,6,7,5,5,5,5,5,5,6,6,7,7,6,7,6,7,6,4,6,4,7,7,6,7
w2021_393,7,7,7,4,7,7,7,7,7,5,7,7,7,7,6,6,7,7,4,7,7,7,3,7,6,7,5,7,7,6,7,7,6,7,7,7
w2021_394,7,7,7,6,4,4,7,7,7,1,7,3,4,6,7,7,7,5,6,7,6,7,7,7,6,7,4,6,7,7,7,7,7,7,7,7
w2021_395,7,4,7,4,3,5,5,4,4,2,6,5,3,6,2,5,3,7,3,5,3,4,4,5,2,6,3,6,3,4,4,5,4,2,6,4
w2021_396,7,7,7,7,4,5,6,5,7,2,7,6,6,6,7,7,6,2,2,6,6,6,7,7,7,7,4,5,6,6,7,5,7,5,7,7
w2021_397,6,6,7,7,6,7,4,6,7,3,6,4,6,7,6,6,7,3,3,6,6,6,4,5,5,6,6,6,6,7,7,7,5,5,6,6
w2021_398,6,5,7,5,7,6,5,6,7,4,6,6,5,5,4,6,6,6,6,6,6,6,7,5,5,6,5,6,6,6,6,5,7,5,6,6
w2021_399,6,6,6,5,5,5,5,6,6,4,3,3,4,5,4,5,4,5,5,5,5,5,6,3,4,5,5,5,5,5,5,4,4,5,5,6
w2021_400,7,6,7,5,5,5,7,7,7,2,6,4,5,6,5,2,3,5,4,7,7,7,7,7,6,7,5,7,5,7,7,5,7,6,7,7
w2021_401,7,7,7,5,6,4,6,6,6,5,5,4,6,6,5,4,5,5,4,5,5,6,5,6,6,6,5,7,6,6,5,5,7,7,6,6
w2021_402,5,5,6,6,5,5,5,6,6,5,7,4,5,6,7,7,7,4,5,5,6,5,6,5,5,6,4,6,6,6,6,5,6,6,6,4
w2021_403,7,7,4,4,4,6,6,6,7,2,5,5,5,7,6,3,5,4,3,6,6,6,5,7,2,7,1,6,7,5,6,4,7,6,7,7
w2021_404,7,7,7,5,6,2,5,6,7,2,6,4,5,6,6,4,5,4,4,7,6,6,6,6,4,7,5,6,5,6,5,5,6,7,6,6
w2021_405,5,4,3,3,6,2,2,3,3,2,3,6,2,5,2,7,6,5,6,5,6,6,5,3,2,6,5,2,3,6,6,6,6,3,3,5
w2021_406,6,5,5,3,5,5,5,7,7,5,3,5,5,5,3,3,7,6,6,6,6,6,3,6,4,7,3,6,6,5,5,6,7,7,7,7
w2021_407,7,7,5,3,5,4,6,7,7,7,5,5,6,5,4,4,6,2,3,6,5,5,4,7,6,7,4,6,7,6,6,5,7,7,7,7
w2021_408,5,7,7,7,6,6,5,7,7,7,7,5,6,6,6,6,7,5,4,6,5,7,6,7,6,7,4,6,7,7,6,5,7,7,7,5
w2021_409,6,5,7,5,7,6,6,6,7,6,4,6,5,6,6,3,6,5,5,7,6,7,7,7,7,7,5,6,7,6,6,6,7,7,7,5
w2021_410,7,5,7,7,7,4,5,7,7,6,7,6,6,5,7,7,7,2,7,5,4,5,7,7,7,7,4,5,7,7,7,5,7,7,7,5
w2021_411,7,5,7,4,6,6,7,7,7,4,6,5,7,7,7,7,7,6,7,7,7,7,5,5,3,5,7,5,5,5,7,7,7,6,7,7
w2021_412,6,5,7,6,7,6,5,7,7,5,7,5,2,7,7,7,7,4,6,7,7,7,7,6,5,6,7,5,6,7,7,7,7,6,6,7
w2021_413,7,7,7,7,6,4,7,7,7,2,7,4,5,7,5,3,7,1,4,7,7,7,7,6,6,7,4,7,6,7,7,4,7,7,7,7
w2021_414,6,4,7,6,5,1,3,7,7,5,6,5,6,6,7,7,5,1,5,6,6,5,7,3,4,5,6,6,5,6,4,4,7,7,6,7
w2021_415,6,5,6,5,5,4,5,5,6,4,5,2,4,5,5,5,5,5,4,5,5,5,5,5,6,6,5,6,6,6,6,5,5,6,6,7
w2021_416,7,7,7,7,6,5,5,5,6,3,5,4,6,5,7,7,7,6,4,7,7,7,7,6,6,6,2,6,6,7,7,7,7,7,5,7
w2021_417,7,7,7,6,6,6,6,7,7,4,6,4,4,6,5,5,5,5,5,6,7,7,7,7,4,6,6,6,6,6,6,5,7,5,5,7
w2021_418,6,6,7,4,5,4,5,7,7,4,4,2,6,5,7,7,7,2,5,6,6,6,7,7,5,6,5,5,4,6,6,4,7,5,6,6
w2021_419,6,5,6,6,4,5,5,6,5,3,5,3,5,5,4,5,4,3,4,4,5,5,6,5,5,6,4,6,6,6,5,5,6,5,6,7
w2021_420,7,7,7,6,6,6,7,7,7,3,6,5,7,7,6,6,6,2,5,7,7,7,7,7,7,7,6,7,7,7,7,6,7,7,7,7
w2021_421,6,6,5,5,6,5,6,6,6,5,5,5,6,6,5,6,6,5,5,5,6,6,6,5,5,5,5,5,7,6,6,5,6,6,6,6
w2021_422,6,7,7,5,6,6,5,7,7,4,2,5,6,6,4,6,5,4,4,6,7,5,6,5,3,7,3,6,6,6,5,5,7,5,6,6
w2021_423,5,6,7,5,5,3,4,7,7,3,4,2,5,6,6,6,3,2,4,5,7,6,5,4,4,7,1,6,5,5,5,5,7,6,7,6
w2021_424,6,7,7,7,4,5,5,6,7,3,6,3,2,3,6,5,4,4,2,3,5,5,6,6,6,6,2,4,6,6,5,4,6,6,6,6
w2021_425,5,3,7,2,3,5,3,7,5,2,3,4,4,5,3,5,6,3,5,5,7,5,6,5,3,7,5,6,5,7,6,5,6,7,7,5
w2021_426,7,7,7,2,4,4,5,7,7,6,7,7,5,7,7,4,7,7,7,7,7,7,7,7,7,7,3,7,7,7,7,4,7,7,7,5
w2021_427,6,6,7,4,6,6,3,6,7,5,4,6,6,7,3,2,7,6,7,7,7,7,5,7,4,7,7,6,7,6,6,6,5,6,7,5
w2021_428,4,5,7,6,3,6,5,5,4,3,5,3,3,5,6,7,4,4,5,5,5,5,5,4,4,6,3,4,7,7,4,4,7,6,6,6
w2021_429,6,3,6,2,5,4,6,7,6,2,6,3,4,6,5,7,3,2,4,5,7,6,3,6,2,6,7,7,7,5,7,7,5,5,5,5
w2021_430,6,4,6,4,5,3,3,6,6,4,3,4,5,5,3,3,6,5,6,5,6,6,6,6,5,6,5,6,4,6,6,5,6,6,6,6
w2021_431,7,5,6,5,4,4,5,6,6,3,5,4,5,5,6,6,5,3,5,5,5,5,5,7,5,5,4,7,7,7,5,4,7,5,5,5
w2021_432,6,6,7,5,7,6,4,5,6,4,4,5,5,4,5,6,6,5,3,6,5,6,6,4,4,5,4,4,5,6,5,4,5,5,6,5
w2021_433,7,7,7,1,7,7,7,7,7,7,1,7,7,7,1,1,7,7,7,7,1,7,7,7,7,7,1,7,7,7,7,1,7,7,7,7
