"resp_id","cluster"
"v2019_001",1
"v2019_002",1
"v2019_003",1
"v2019_004",2
"v2019_005",2
"v2019_006",3
"v2019_007",3
"v2019_008",2
"v2019_009",3
"v2019_010",3
"v2019_011",2
"v2019_012",3
"v2019_013",2
"v2019_014",3
"v2019_015",3
"v2019_016",2
"v2019_017",3
"v2019_018",2
"v2019_019",3
"v2019_020",2
"v2019_021",3
"v2019_022",3
"v2019_023",3
"v2019_024",3
"v2019_025",2
"v2019_026",3
"v2019_027",2
"v2019_028",2
"v2019_029",3
"v2019_030",2
"v2019_031",2
"v2019_032",2
"v2019_033",1
"v2019_034",2
"v2019_035",2
"v2019_036",1
"v2019_037",1
"v2019_038",3
"v2019_039",3
"v2019_040",2
"v2019_041",1
"v2019_042",3
"v2019_043",2
"v2019_044",1
"v2019_045",1
"v2019_046",3
"v2019_047",3
"v2019_048",2
"v2019_049",1
"v2019_050",3
"v2019_051",3
"v2019_052",1
"v2019_053",2
"v2019_054",2
"v2019_055",2
"v2019_056",2
"v2019_057",3
"v2019_058",1
"v2019_059",2
"v2019_060",2
"v2019_061",3
"v2019_062",3
"v2019_063",2
"v2019_064",1
"v2019_065",3
"v2019_066",2
"v2019_067",2
"v2019_068",3
"v2019_069",2
"v2019_070",3
"v2019_071",2
"v2019_072",2
"v2019_073",3
"v2019_074",3
"v2019_075",3
"v2019_076",1
"v2019_077",2
"v2019_078",3
"v2019_079",2
"v2019_080",1
"v2019_081",2
"v2019_082",2
"v2019_083",2
"v2019_084",1
"v2019_085",1
"v2019_086",3
"v2019_087",3
"v2019_088",3
"v2019_089",3
"v2019_090",2
"v2019_091",1
"v2019_092",2
"v2019_093",1
"v2019_094",3
"v2019_095",2
"v2019_096",2
"v2019_097",3
"v2019_098",2
"v2019_099",2
"v2019_100",2
"v2019_101",3
"v2019_102",3
"v2019_103",3
"v2019_104",3
"v2019_105",2
"v2019_106",3
"v2019_107",3
"v2019_108",3
"v2019_109",1
"v2019_110",2
"v2019_111",3
"v2019_112",2
"v2019_113",2
"v2019_114",2
"v2019_115",2
"v2019_116",3
"v2019_117",2
"v2019_118",2
"v2019_119",3
"v2019_120",2
"v2019_121",1
"v2019_122",3
"v2019_123",3
"v2019_124",3
"v2019_125",3
"v2019_126",3
"v2019_127",2
"v2019_128",2
"v2019_129",3
"v2019_130",3
"v2019_131",3
"v2019_132",3
"v2019_133",2
"v2019_134",1
"v2019_135",2
"v2019_136",3
"v2019_137",2
"v2019_138",3
"v2019_139",2
"v2019_140",3
"v2019_141",2
"v2019_142",2
"v2019_143",3
"v2019_144",3
"v2019_145",1
"v2019_146",2
"v2019_147",3
"v2019_148",3
"v2019_149",3
"v2019_150",2
"v2019_151",3
"v2019_152",2
"v2019_153",3
"v2019_154",3
"v2019_155",3
"v2019_156",3
"v2019_157",3
"v2019_158",2
"v2019_159",3
"v2019_160",1
"v2019_161",3
"v2019_162",1
"v2019_163",3
"v2019_164",3
"v2019_165",3
"v2019_166",1
"v2019_167",3
"v2019_168",2
"v2019_169",2
"v2019_170",3
"v2019_171",2
"v2019_172",3
"v2019_173",2
"v2019_174",2
"v2019_175",2
"v2019_176",2
"v2019_177",3
"v2019_178",1
"v2019_179",2
"v2019_180",1
"v2019_181",3
"v2019_182",2
"v2019_183",1
"v2019_184",3
"v2019_185",2
"v2019_186",3
"v2019_187",3
"v2019_188",2
"v2019_189",1
"v2019_190",1
"v2019_191",2
"v2019_192",1
"v2019_193",3
"v2019_194",3
"v2019_195",2
"v2019_196",3
"v2019_197",3
"v2019_198",2
"v2019_199",2
"v2019_200",1
"v2019_201",1
"v2019_202",3
"v2019_203",3
"v2019_204",2
"v2019_205",1
"v2019_206",2
"v2019_207",2
"v2019_208",2
"v2019_209",3
"v2019_210",1
"v2019_211",3
"v2019_212",2
"v2019_213",3
"v2019_214",3
"v2019_215",1
"v2019_216",2
"v2019_217",3
"v2019_218",3
"v2019_219",1
"v2019_220",2
"v2019_221",2
"v2019_222",3
"v2019_223",2
"v2019_224",2
"v2019_225",2
"v2019_226",3
"v2019_227",3
"v2019_228",2
"v2019_229",3
"v2019_230",3
"v2019_231",2
"v2019_232",2
"v2019_233",2
"v2019_234",3
"v2019_235",1
"v2019_236",3
"v2019_237",1
"v2019_238",3
"v2019_239",2
"v2019_240",2
"v2019_241",3
"v2019_242",2
"v2019_243",2
"v2019_244",2
"v2019_245",3
"v2019_246",1
"v2019_247",2
"v2019_248",2
"v2019_249",2
"v2019_250",2
"v2019_251",3
"v2019_252",3
"v2019_253",1
"v2019_254",2
"v2019_255",1
"v2019_256",3
"v2019_257",3
"v2019_258",1
"v2019_259",2
"v2019_260",2
"v2019_261",3
"v2019_262",1
"v2019_263",1
"v2019_264",3
"v2019_265",3
"v2019_266",3
"v2019_267",2
"v2019_268",1
"v2019_269",1
"v2019_270",3
"v2019_271",3
"v2019_272",1
"v2019_273",3
"v2019_274",3
"v2019_275",3
"v2019_276",3
"v2019_277",3
"v2019_278",2
"v2019_279",1
"v2019_280",3
"v2019_281",3
"v2019_282",1
"v2019_283",2
"v2019_284",2
"v2019_285",1
"v2019_286",3
"v2019_287",1
"v2019_288",2
"v2019_289",2
"v2019_290",3
"v2019_291",2
"v2019_292",3
"v2019_293",3
"v2019_294",3
"v2019_295",2
"v2019_296",3
"v2019_297",3
"v2019_298",3
"v2019_299",3
"v2019_300",2
"v2019_301",2
"v2019_302",3
"v2019_303",3
"v2019_304",1
"v2019_305",3
"v2019_306",3
"v2019_307",1
"v2019_308",3
"v2019_309",3
"v2019_310",2
"v2019_311",2
"v2019_312",2
"v2019_313",1
"v2019_314",3
"v2019_315",3
