"metric","value"
"efa23_poly_var_total_pct","44.2"
"efa23_poly_h2_median","0.46"
"efa23_poly_salient_ge_40","23"
"efa23_pearson_var_total_pct","36.2"
"efa23_pearson_h2_median","0.39"
"efa23_pearson_salient_ge_40","21"
"efa23_tucker_min","0.99"
"cfa4f_2024_wlsmv_cfi","0.812"
"cfa4f_2024_wlsmv_rmsea","0.088"
"cfa4f_2024_wlsmv_srmr","0.086"
"cfa4f_2024_mlr_cfi","0.846"
"cfa4f_2024_mlr_rmsea","0.062"
"cfa4f_2024_mlr_srmr","0.076"
"esem_2024_wlsmv_cfi","0.916"
"esem_2024_wlsmv_rmsea","0.067"
"esem_2024_wlsmv_srmr","0.04"
"esem_2024_mlr_cfi","0.945"
"esem_2024_mlr_rmsea","0.043"
"esem_2024_mlr_srmr","0.036"
"cfa4f_2026_wlsmv_cfi","0.751"
"cfa4f_2026_wlsmv_rmsea","0.111"
"cfa4f_2026_wlsmv_srmr","0.088"
"cfa4f_2026_mlr_cfi","0.827"
"cfa4f_2026_mlr_rmsea","0.067"
"cfa4f_2026_mlr_srmr","0.079"
"psych_version","2.6.5"
"lavaan_version","0.6.21"
