vlna,radek,n,pct,slouceno_do_jine,n_vlna,n_s_prvnim_oborem
Viněty 2019,Jazyky,80,39.2,,315,204
Viněty 2019,Společenské a humanitní předměty,23,11.3,,315,204
Viněty 2019,"Matematika, přírodní vědy a technika",46,22.5,,315,204
Viněty 2019,Výchovy,27,13.2,,315,204
Viněty 2019,Speciální pedagogika,16,7.8,,315,204
Viněty 2019,Jiné,12,5.9,,315,204
Viněty 2019,Celkem s uvedeným prvním oborem,204,100.0,,315,204
Viněty 2019,Obor neuveden,111,,,315,204
Viněty 2019,Uvádí i druhý obor,130,63.7,,315,204
Dotazník 2020,Jazyky,184,49.1,,375,375
Dotazník 2020,Společenské a humanitní předměty,52,13.9,,375,375
Dotazník 2020,"Matematika, přírodní vědy a technika",83,22.1,,375,375
Dotazník 2020,Výchovy,28,7.5,,375,375
Dotazník 2020,Speciální pedagogika,24,6.4,,375,375
Dotazník 2020,Jiné,4,1.1,,375,375
Dotazník 2020,Celkem s uvedeným prvním oborem,375,100.0,,375,375
Dotazník 2020,Obor neuveden,0,,,375,375
Dotazník 2020,Uvádí i druhý obor,327,87.2,,375,375
Dotazník 2021,Jazyky,207,47.8,,433,433
Dotazník 2021,Společenské a humanitní předměty,55,12.7,,433,433
Dotazník 2021,"Matematika, přírodní vědy a technika",96,22.2,,433,433
Dotazník 2021,Výchovy,51,11.8,,433,433
Dotazník 2021,Speciální pedagogika,14,3.2,,433,433
Dotazník 2021,Jiné,10,2.3,,433,433
Dotazník 2021,Celkem s uvedeným prvním oborem,433,100.0,,433,433
Dotazník 2021,Obor neuveden,0,,,433,433
Dotazník 2021,Uvádí i druhý obor,308,71.1,,433,433
Dotazník 2022,Jazyky,113,43.0,,263,263
Dotazník 2022,Společenské a humanitní předměty,42,16.0,,263,263
Dotazník 2022,"Matematika, přírodní vědy a technika",67,25.5,,263,263
Dotazník 2022,Výchovy,28,10.6,,263,263
Dotazník 2022,Speciální pedagogika,10,3.8,,263,263
Dotazník 2022,Jiné,3,1.1,,263,263
Dotazník 2022,Celkem s uvedeným prvním oborem,263,100.0,,263,263
Dotazník 2022,Obor neuveden,0,,,263,263
Dotazník 2022,Uvádí i druhý obor,212,80.6,,263,263
Dotazník 2023,Jazyky,87,35.2,,247,247
Dotazník 2023,Společenské a humanitní předměty,37,15.0,,247,247
Dotazník 2023,"Matematika, přírodní vědy a technika",59,23.9,,247,247
Dotazník 2023,Výchovy,52,21.1,,247,247
Dotazník 2023,Speciální pedagogika,10,4.0,,247,247
Dotazník 2023,Jiné,2,0.8,,247,247
Dotazník 2023,Celkem s uvedeným prvním oborem,247,100.0,,247,247
Dotazník 2023,Obor neuveden,0,,,247,247
Dotazník 2023,Uvádí i druhý obor,179,72.5,,247,247
Dotazník 2024,Jazyky,146,43.8,,333,333
Dotazník 2024,Společenské a humanitní předměty,51,15.3,,333,333
Dotazník 2024,"Matematika, přírodní vědy a technika",68,20.4,,333,333
Dotazník 2024,Výchovy,50,15.0,,333,333
Dotazník 2024,Speciální pedagogika,17,5.1,,333,333
Dotazník 2024,Jiné,1,0.3,,333,333
Dotazník 2024,Celkem s uvedeným prvním oborem,333,100.0,,333,333
Dotazník 2024,Obor neuveden,0,,,333,333
Dotazník 2024,Uvádí i druhý obor,251,75.4,,333,333
Dotazník 2026,Jazyky,47,28.7,,164,164
Dotazník 2026,Společenské a humanitní předměty,33,20.1,,164,164
Dotazník 2026,"Matematika, přírodní vědy a technika",30,18.3,,164,164
Dotazník 2026,Výchovy,49,29.9,,164,164
Dotazník 2026,Speciální pedagogika,,,ano,164,164
Dotazník 2026,Jiné,5,3.0,,164,164
Dotazník 2026,Celkem s uvedeným prvním oborem,164,100.0,,164,164
Dotazník 2026,Obor neuveden,0,,,164,164
Dotazník 2026,Uvádí i druhý obor,126,76.8,,164,164
