metric,value
n_jazyky_2019v,80
pct_jazyky_2019v,39.2
n_spol_hum_2019v,23
pct_spol_hum_2019v,11.3
n_mat_prir_tech_2019v,46
pct_mat_prir_tech_2019v,22.5
n_vychovy_2019v,27
pct_vychovy_2019v,13.2
n_spec_ped_2019v,16
pct_spec_ped_2019v,7.8
n_jine_2019v,12
pct_jine_2019v,5.9
n_celkem_2019v,315
n_s_prvnim_oborem_2019v,204
n_obor_neuveden_2019v,111
n_druhy_obor_2019v,130
pct_druhy_obor_2019v,63.7
n_predmetove_2019v,176
pct_predmetove_2019v,86.3
n_jen_druhy_obor_2019v,13
n_jazyky_2020,184
pct_jazyky_2020,49.1
n_spol_hum_2020,52
pct_spol_hum_2020,13.9
n_mat_prir_tech_2020,83
pct_mat_prir_tech_2020,22.1
n_vychovy_2020,28
pct_vychovy_2020,7.5
n_spec_ped_2020,24
pct_spec_ped_2020,6.4
n_jine_2020,4
pct_jine_2020,1.1
n_celkem_2020,375
n_s_prvnim_oborem_2020,375
n_obor_neuveden_2020,0
n_druhy_obor_2020,327
pct_druhy_obor_2020,87.2
n_predmetove_2020,347
pct_predmetove_2020,92.5
n_jazyky_2021,207
pct_jazyky_2021,47.8
n_spol_hum_2021,55
pct_spol_hum_2021,12.7
n_mat_prir_tech_2021,96
pct_mat_prir_tech_2021,22.2
n_vychovy_2021,51
pct_vychovy_2021,11.8
n_spec_ped_2021,14
pct_spec_ped_2021,3.2
n_jine_2021,10
pct_jine_2021,2.3
n_celkem_2021,433
n_s_prvnim_oborem_2021,433
n_obor_neuveden_2021,0
n_druhy_obor_2021,308
pct_druhy_obor_2021,71.1
n_predmetove_2021,409
pct_predmetove_2021,94.5
n_jazyky_2022,113
pct_jazyky_2022,43.0
n_spol_hum_2022,42
pct_spol_hum_2022,16.0
n_mat_prir_tech_2022,67
pct_mat_prir_tech_2022,25.5
n_vychovy_2022,28
pct_vychovy_2022,10.6
n_spec_ped_2022,10
pct_spec_ped_2022,3.8
n_jine_2022,3
pct_jine_2022,1.1
n_celkem_2022,263
n_s_prvnim_oborem_2022,263
n_obor_neuveden_2022,0
n_druhy_obor_2022,212
pct_druhy_obor_2022,80.6
n_predmetove_2022,250
pct_predmetove_2022,95.1
n_jazyky_2023,87
pct_jazyky_2023,35.2
n_spol_hum_2023,37
pct_spol_hum_2023,15.0
n_mat_prir_tech_2023,59
pct_mat_prir_tech_2023,23.9
n_vychovy_2023,52
pct_vychovy_2023,21.1
n_spec_ped_2023,10
pct_spec_ped_2023,4.0
n_jine_2023,2
pct_jine_2023,0.8
n_celkem_2023,247
n_s_prvnim_oborem_2023,247
n_obor_neuveden_2023,0
n_druhy_obor_2023,179
pct_druhy_obor_2023,72.5
n_predmetove_2023,235
pct_predmetove_2023,95.1
n_jazyky_2024,146
pct_jazyky_2024,43.8
n_spol_hum_2024,51
pct_spol_hum_2024,15.3
n_mat_prir_tech_2024,68
pct_mat_prir_tech_2024,20.4
n_vychovy_2024,50
pct_vychovy_2024,15.0
n_spec_ped_2024,17
pct_spec_ped_2024,5.1
n_jine_2024,1
pct_jine_2024,0.3
n_celkem_2024,333
n_s_prvnim_oborem_2024,333
n_obor_neuveden_2024,0
n_druhy_obor_2024,251
pct_druhy_obor_2024,75.4
n_predmetove_2024,315
pct_predmetove_2024,94.6
n_jazyky_2026,47
pct_jazyky_2026,28.7
n_spol_hum_2026,33
pct_spol_hum_2026,20.1
n_mat_prir_tech_2026,30
pct_mat_prir_tech_2026,18.3
n_vychovy_2026,49
pct_vychovy_2026,29.9
n_jine_2026,5
pct_jine_2026,3.0
n_celkem_2026,164
n_s_prvnim_oborem_2026,164
n_obor_neuveden_2026,0
n_druhy_obor_2026,126
pct_druhy_obor_2026,76.8
n_predmetove_2026,159
pct_predmetove_2026,97.0
n_dotaznik_2020_2026,1815
pct_druhy_obor_dotaznik_min,71.1
pct_druhy_obor_dotaznik_max,87.2
pct_predmetove_dotaznik_min,92.5
pct_predmetove_dotaznik_max,97.0
